item,variant_sku,status,box,weight,package_gid,notes
ACM104-00,ACM104-00,updated,78,3,gid://shopify/ShippingPackageV2/108967755849,package:#78; weight:3.0lb; was:0 POUNDS
ACM104-00,ACM104-00,updated,78,3,gid://shopify/ShippingPackageV2/108967755849,package:#78; weight:3.0lb; was:0 POUNDS
FLA131,FLA131-RDP,updated,7,BO,gid://shopify/ShippingPackageV2/108966740041,package:#7; was:2 POUNDS
FLA131,FLA131-YEO,updated,7,BO,gid://shopify/ShippingPackageV2/108966740041,package:#7; was:2 POUNDS
FLA136,FLA136-RD,updated,5,3,gid://shopify/ShippingPackageV2/108966674505,package:#5; weight:3.0lb; was:16 POUNDS
FLA136,FLA136-CRW,updated,5,3,gid://shopify/ShippingPackageV2/108966674505,package:#5; weight:3.0lb; was:16 POUNDS
FLA136,FLA136-PE,updated,5,3,gid://shopify/ShippingPackageV2/108966674505,package:#5; weight:3.0lb; was:16 POUNDS
FLA164-MP,FLA164-MP,updated,5,3,gid://shopify/ShippingPackageV2/108966674505,package:#5; weight:3.0lb; was:32 POUNDS
FLA188-CR,FLA188-CR,updated,5,2,gid://shopify/ShippingPackageV2/108966674505,package:#5; weight:2.0lb; was:0 POUNDS
FLA189-MS,FLA189-MS,updated,5,2,gid://shopify/ShippingPackageV2/108966674505,package:#5; weight:2.0lb; was:32 POUNDS
FLA197,FLA197-FU,updated,16,5,gid://shopify/ShippingPackageV2/108966936649,package:#16; weight:5.0lb; was:48 POUNDS
FLA197,FLA197-TTP,updated,16,5,gid://shopify/ShippingPackageV2/108966936649,package:#16; weight:5.0lb; was:48 POUNDS
FLA197,FLA197-WH,updated,16,5,gid://shopify/ShippingPackageV2/108966936649,package:#16; weight:5.0lb; was:48 POUNDS
FLA198-NA,FLA198-NA,updated,8,4,gid://shopify/ShippingPackageV2/108966772809,package:#8; weight:4.0lb; was:24 POUNDS
FLA206,FLA206-MP,updated,7,3,gid://shopify/ShippingPackageV2/108966740041,package:#7; weight:3.0lb; was:36 POUNDS
FLA206,FLA206-PEY,updated,7,3,gid://shopify/ShippingPackageV2/108966740041,package:#7; weight:3.0lb; was:36 POUNDS
FLA206,FLA206-RDO,updated,7,3,gid://shopify/ShippingPackageV2/108966740041,package:#7; weight:3.0lb; was:36 POUNDS
FLA207-NA,,sku_not_found,6,2,gid://shopify/ShippingPackageV2/108966707273,
FLA208-NA,,sku_not_found,11,6,gid://shopify/ShippingPackageV2/108966838345,
FLA216,FLA216-FS,updated,2,2,gid://shopify/ShippingPackageV2/108966641737,package:#2; weight:2.0lb; was:2 POUNDS
FLA216,FLA216-OR,updated,2,2,gid://shopify/ShippingPackageV2/108966641737,package:#2; weight:2.0lb; was:2 POUNDS
FLA216,FLA216-RD,updated,2,2,gid://shopify/ShippingPackageV2/108966641737,package:#2; weight:2.0lb; was:2 POUNDS
FLA216,FLA216-WH,updated,2,2,gid://shopify/ShippingPackageV2/108966641737,package:#2; weight:2.0lb; was:2 POUNDS
FLA216,FLA216-YL,updated,2,2,gid://shopify/ShippingPackageV2/108966641737,package:#2; weight:2.0lb; was:2 POUNDS
FLA306-MS,FLA306-MS,updated,10,4,gid://shopify/ShippingPackageV2/108966805577,package:#10; weight:4.0lb; was:24 POUNDS
FLA397-CR,FLA397-CR,updated,7,3,gid://shopify/ShippingPackageV2/108966740041,package:#7; weight:3.0lb; was:0 POUNDS
FLA597,FLA597-RD,updated,15,4,gid://shopify/ShippingPackageV2/108966903881,package:#15; weight:4.0lb; was:0 POUNDS
FLA597,FLA597-WH,updated,15,4,gid://shopify/ShippingPackageV2/108966903881,package:#15; weight:4.0lb; was:0 POUNDS
FLA615,FLA615-CO,updated,5,3,gid://shopify/ShippingPackageV2/108966674505,package:#5; weight:3.0lb; was:0 POUNDS
FLA615,FLA615-MVL,updated,5,3,gid://shopify/ShippingPackageV2/108966674505,package:#5; weight:3.0lb; was:0 POUNDS
FLA615,FLA615-PK,updated,5,3,gid://shopify/ShippingPackageV2/108966674505,package:#5; weight:3.0lb; was:0 POUNDS
FLA615,FLA615-WH,updated,5,3,gid://shopify/ShippingPackageV2/108966674505,package:#5; weight:3.0lb; was:0 POUNDS
FLA615,FLA615-RD,updated,5,3,gid://shopify/ShippingPackageV2/108966674505,package:#5; weight:3.0lb; was:0 POUNDS
FLA615,FLA615-TP,updated,5,3,gid://shopify/ShippingPackageV2/108966674505,package:#5; weight:3.0lb; was:0 POUNDS
FLA615,FLA615-YE,updated,5,3,gid://shopify/ShippingPackageV2/108966674505,package:#5; weight:3.0lb; was:0 POUNDS
FLA615,FLA615-CO-1,updated,5,3,gid://shopify/ShippingPackageV2/108966674505,package:#5; weight:3.0lb; was:0 POUNDS
FLA615,FLA615-MVL-1,updated,5,3,gid://shopify/ShippingPackageV2/108966674505,package:#5; weight:3.0lb; was:0 POUNDS
FLA615,FLA615-PK-1,updated,5,3,gid://shopify/ShippingPackageV2/108966674505,package:#5; weight:3.0lb; was:0 POUNDS
FLA615,FLA615-WH-1,updated,5,3,gid://shopify/ShippingPackageV2/108966674505,package:#5; weight:3.0lb; was:0 POUNDS
FLA615,FLA615-RD-1,updated,5,3,gid://shopify/ShippingPackageV2/108966674505,package:#5; weight:3.0lb; was:0 POUNDS
FLA615,FLA615-TP-1,updated,5,3,gid://shopify/ShippingPackageV2/108966674505,package:#5; weight:3.0lb; was:0 POUNDS
FLA615,FLA615-YE-1,updated,5,3,gid://shopify/ShippingPackageV2/108966674505,package:#5; weight:3.0lb; was:0 POUNDS
FLA671-MP,FLA671-MP,updated,2,2,gid://shopify/ShippingPackageV2/108966641737,package:#2; weight:2.0lb; was:0 POUNDS
FLA696,FLA696-TP,updated,2,1,gid://shopify/ShippingPackageV2/108966641737,package:#2; weight:1.0lb; was:0 POUNDS
FLA696,FLA696-WH,updated,2,1,gid://shopify/ShippingPackageV2/108966641737,package:#2; weight:1.0lb; was:0 POUNDS
FLA696,FLA696-YE,updated,2,1,gid://shopify/ShippingPackageV2/108966641737,package:#2; weight:1.0lb; was:0 POUNDS
FLA696,FLA696-CO,updated,2,1,gid://shopify/ShippingPackageV2/108966641737,package:#2; weight:1.0lb; was:0 POUNDS
FLA696,FLA696-MVL,updated,2,1,gid://shopify/ShippingPackageV2/108966641737,package:#2; weight:1.0lb; was:0 POUNDS
FLA696,FLA696-PK,updated,2,1,gid://shopify/ShippingPackageV2/108966641737,package:#2; weight:1.0lb; was:0 POUNDS
FLA696,FLA696-RD,updated,2,1,gid://shopify/ShippingPackageV2/108966641737,package:#2; weight:1.0lb; was:0 POUNDS
FLA705-MS,FLA705-MS,updated,7,4,gid://shopify/ShippingPackageV2/108966740041,package:#7; weight:4.0lb; was:0 POUNDS
FLA709-MS,FLA709-MS,updated,2,2,gid://shopify/ShippingPackageV2/108966641737,package:#2; weight:2.0lb; was:0 POUNDS
FLA710-MS,FLA710-MS,updated,2,2,gid://shopify/ShippingPackageV2/108966641737,package:#2; weight:2.0lb; was:0 POUNDS
FLA787-MP,FLA787-MP,updated,6,4,gid://shopify/ShippingPackageV2/108966707273,package:#6; weight:4.0lb; was:0 POUNDS
FLA799-MP,FLA799-MP,updated,8,4,gid://shopify/ShippingPackageV2/108966772809,package:#8; weight:4.0lb; was:0 POUNDS
FLA803,FLA803-FU,updated,5,3,gid://shopify/ShippingPackageV2/108966674505,package:#5; weight:3.0lb; was:0 POUNDS
FLA803,FLA803-TTP,updated,5,3,gid://shopify/ShippingPackageV2/108966674505,package:#5; weight:3.0lb; was:0 POUNDS
FLA803,FLA803-WH,updated,5,3,gid://shopify/ShippingPackageV2/108966674505,package:#5; weight:3.0lb; was:0 POUNDS
FLA848,FLA848-NA,updated,5,2,gid://shopify/ShippingPackageV2/108966674505,package:#5; weight:2.0lb; was:0 POUNDS
FLA848,FLA848-MP,updated,5,2,gid://shopify/ShippingPackageV2/108966674505,package:#5; weight:2.0lb; was:0 POUNDS
FLA849,FLA849-WH,updated,2,2,gid://shopify/ShippingPackageV2/108966641737,package:#2; weight:2.0lb; was:0 POUNDS
FLA849,FLA849-YL,updated,2,2,gid://shopify/ShippingPackageV2/108966641737,package:#2; weight:2.0lb; was:0 POUNDS
FLA849,FLA849-YEW,updated,2,2,gid://shopify/ShippingPackageV2/108966641737,package:#2; weight:2.0lb; was:0 POUNDS
FLA877,FLA877-FL,updated,5,2,gid://shopify/ShippingPackageV2/108966674505,package:#5; weight:2.0lb; was:0 POUNDS
FLA877,FLA877-OR,updated,5,2,gid://shopify/ShippingPackageV2/108966674505,package:#5; weight:2.0lb; was:0 POUNDS
FLA877,FLA877-RD,updated,5,2,gid://shopify/ShippingPackageV2/108966674505,package:#5; weight:2.0lb; was:0 POUNDS
FLA877,FLA877-YE,updated,5,2,gid://shopify/ShippingPackageV2/108966674505,package:#5; weight:2.0lb; was:0 POUNDS
FLA877,FLA877-MP,updated,5,2,gid://shopify/ShippingPackageV2/108966674505,package:#5; weight:2.0lb; was:0 POUNDS
FLA906,FLA906-BYP,updated,2,2,gid://shopify/ShippingPackageV2/108966641737,package:#2; weight:2.0lb; was:0 POUNDS
FLA906,FLA906-YEO,updated,2,2,gid://shopify/ShippingPackageV2/108966641737,package:#2; weight:2.0lb; was:0 POUNDS
FLA914-MP,FLA914-MP,updated,5,3,gid://shopify/ShippingPackageV2/108966674505,package:#5; weight:3.0lb; was:0 POUNDS
FLA914-MP,FLA914-MP-x-TEST,updated,5,3,gid://shopify/ShippingPackageV2/108966674505,package:#5; weight:3.0lb; was:0 POUNDS
FLA918-CRW,FLA918-CRW,updated,2,3,gid://shopify/ShippingPackageV2/108966641737,package:#2; weight:3.0lb; was:0 POUNDS
FLA921-MP,FLA921-MP,updated,4,4,,weight:4.0lb; was:36 POUNDS
FLA922-WH,,skipped_nothing_to_assign,X,DISC,,box_ignored:X;weight_ignored:DISC
FLA936-GDY,,skipped_nothing_to_assign,X,DISC,,box_ignored:X;weight_ignored:DISC
FLA951-WH,FLA951-WH,updated,5,2,gid://shopify/ShippingPackageV2/108966674505,package:#5; weight:2.0lb; was:0 POUNDS
FLA954-MP,FLA954-MP,updated,5,2,gid://shopify/ShippingPackageV2/108966674505,package:#5; weight:2.0lb; was:0 POUNDS
FLA961,,skipped_nothing_to_assign,X,DISC,,box_ignored:X;weight_ignored:DISC
FLA964-YE,,skipped_nothing_to_assign,X,DISC,,box_ignored:X;weight_ignored:DISC
FLA972-MP,FLA972-MP,updated,5,2,gid://shopify/ShippingPackageV2/108966674505,package:#5; weight:2.0lb; was:0 POUNDS
FLA979-BLW,FLA979-BLW,updated,5,3,gid://shopify/ShippingPackageV2/108966674505,package:#5; weight:3.0lb; was:0 POUNDS
FLA988-MP,FLA988-MP,updated,2,2,gid://shopify/ShippingPackageV2/108966641737,package:#2; weight:2.0lb; was:16 POUNDS
FLA996-NA,FLA996-NA,updated,5,2,gid://shopify/ShippingPackageV2/108966674505,package:#5; weight:2.0lb; was:16 POUNDS
FLB108-WG,FLB108-WG,updated,14,8,gid://shopify/ShippingPackageV2/108966871113,package:#14; weight:8.0lb; was:0 POUNDS
FLB145-LV,FLB145-LV,updated,54,5,gid://shopify/ShippingPackageV2/108967428169,package:#54; weight:5.0lb; was:48 POUNDS
FLB159-MP,FLB159-MP,updated,20,4,gid://shopify/ShippingPackageV2/108967067721,package:#20; weight:4.0lb; was:32 POUNDS
FLB160-NA,FLB160-NA,updated,8,4,gid://shopify/ShippingPackageV2/108966772809,package:#8; weight:4.0lb; was:32 POUNDS
FLB161-NA,FLB161-NA,updated,8,3,gid://shopify/ShippingPackageV2/108966772809,package:#8; weight:3.0lb; was:48 POUNDS
FLB163-NA,FLB163-NA,updated,11,X,gid://shopify/ShippingPackageV2/108966838345,package:#11; was:48 POUNDS
FLB166-MP,FLB166-MP,updated,10,7,gid://shopify/ShippingPackageV2/108966805577,package:#10; weight:7.0lb; was:48 POUNDS
FLB168-RDW,FLB168-RDW,updated,11,6,gid://shopify/ShippingPackageV2/108966838345,package:#11; weight:6.0lb; was:64 POUNDS
FLB170-CH,FLB170-CH,updated,14,5,gid://shopify/ShippingPackageV2/108966871113,package:#14; weight:5.0lb; was:0 POUNDS
FLB171-MP,FLB171-MP,updated,20,4,gid://shopify/ShippingPackageV2/108967067721,package:#20; weight:4.0lb; was:48 POUNDS
FLB173-MS,FLB173-MS,updated,11,5,gid://shopify/ShippingPackageV2/108966838345,package:#11; weight:5.0lb; was:48 POUNDS
FLB176-MS2,FLB176-MS2,updated,10,5,gid://shopify/ShippingPackageV2/108966805577,package:#10; weight:5.0lb; was:64 POUNDS
FLB182-LVB,FLB182-LVB,updated,8,4,gid://shopify/ShippingPackageV2/108966772809,package:#8; weight:4.0lb; was:48 POUNDS
FLB183-PK,FLB183-PK,updated,10,4,gid://shopify/ShippingPackageV2/108966805577,package:#10; weight:4.0lb; was:64 POUNDS
FLB186-MP,FLB186-MP,updated,14,X,gid://shopify/ShippingPackageV2/108966871113,package:#14; was:72 POUNDS
FLB196-MP,FLB196-MP,updated,14,6,gid://shopify/ShippingPackageV2/108966871113,package:#14; weight:6.0lb; was:64 POUNDS
FLB247-NA,FLB247-NA,updated,21,4,gid://shopify/ShippingPackageV2/108967100489,package:#21; weight:4.0lb; was:0 POUNDS
FLB270-MS,FLB270-MS,updated,11,5,gid://shopify/ShippingPackageV2/108966838345,package:#11; weight:5.0lb; was:36 POUNDS
FLB288-MS,FLB288-MS,updated,11,5,gid://shopify/ShippingPackageV2/108966838345,package:#11; weight:5.0lb; was:36 POUNDS
FLB289-MP,FLB289-MP,updated,20,BO,gid://shopify/ShippingPackageV2/108967067721,package:#20; was:0 POUNDS
FLB297-MP,FLB297-MP,updated,20,5,gid://shopify/ShippingPackageV2/108967067721,package:#20; weight:5.0lb; was:36 POUNDS
FLB299-MS,FLB299-MS,updated,20,5,gid://shopify/ShippingPackageV2/108967067721,package:#20; weight:5.0lb; was:36 POUNDS
FLB299-MS,FLB299-MS,updated,20,5,gid://shopify/ShippingPackageV2/108967067721,package:#20; weight:5.0lb; was:36 POUNDS
FLB302-MS,FLB302-MS,updated,11,5,gid://shopify/ShippingPackageV2/108966838345,package:#11; weight:5.0lb; was:48 POUNDS
FLB317-MP,FLB317-MP,updated,20,9,gid://shopify/ShippingPackageV2/108967067721,package:#20; weight:9.0lb; was:0 POUNDS
FLB327-MP,FLB327-MP,updated,16,5,gid://shopify/ShippingPackageV2/108966936649,package:#16; weight:5.0lb; was:0 POUNDS
FLB424,FLB424-LVB,updated,7,3,gid://shopify/ShippingPackageV2/108966740041,package:#7; weight:3.0lb; was:0 POUNDS
FLB424,FLB424-WG,updated,7,3,gid://shopify/ShippingPackageV2/108966740041,package:#7; weight:3.0lb; was:0 POUNDS
FLB434-NA,FLB434-NA,updated,21,BO,gid://shopify/ShippingPackageV2/108967100489,package:#21; was:24 POUNDS
FLB443-MS,FLB443-MS,updated,8,4,gid://shopify/ShippingPackageV2/108966772809,package:#8; weight:4.0lb; was:0 POUNDS
FLB445,FLB445-CR,updated,16,7,gid://shopify/ShippingPackageV2/108966936649,package:#16; weight:7.0lb; was:0 POUNDS
FLB445,FLB445-PK,updated,16,7,gid://shopify/ShippingPackageV2/108966936649,package:#16; weight:7.0lb; was:0 POUNDS
FLB445,FLB445-RD,updated,16,7,gid://shopify/ShippingPackageV2/108966936649,package:#16; weight:7.0lb; was:0 POUNDS
FLB445,FLB445-YE,updated,16,7,gid://shopify/ShippingPackageV2/108966936649,package:#16; weight:7.0lb; was:0 POUNDS
FLB445,FLB445-CR,updated,16,7,gid://shopify/ShippingPackageV2/108966936649,package:#16; weight:7.0lb; was:0 POUNDS
FLB445,FLB445-PK,updated,16,7,gid://shopify/ShippingPackageV2/108966936649,package:#16; weight:7.0lb; was:0 POUNDS
FLB445,FLB445-RD,updated,16,7,gid://shopify/ShippingPackageV2/108966936649,package:#16; weight:7.0lb; was:0 POUNDS
FLB445,FLB445-YE,updated,16,7,gid://shopify/ShippingPackageV2/108966936649,package:#16; weight:7.0lb; was:0 POUNDS
FLB463-MP,FLB463-MP,updated,8,4,gid://shopify/ShippingPackageV2/108966772809,package:#8; weight:4.0lb; was:0 POUNDS
FLB475-NA,FLB475-NA,updated,21,6,gid://shopify/ShippingPackageV2/108967100489,package:#21; weight:6.0lb; was:0 POUNDS
FLB476-NA,FLB476-NA,updated,20,4,gid://shopify/ShippingPackageV2/108967067721,package:#20; weight:4.0lb; was:0 POUNDS
FLB527-NA,FLB527-NA,updated,20,4,gid://shopify/ShippingPackageV2/108967067721,package:#20; weight:4.0lb; was:0 POUNDS
FLB551-NA,,sku_not_found,10,4,gid://shopify/ShippingPackageV2/108966805577,
FLB574-MS,FLB574-MS,updated,10,5,gid://shopify/ShippingPackageV2/108966805577,package:#10; weight:5.0lb; was:0 POUNDS
FLB602,FLB602-OR,updated,8,4,gid://shopify/ShippingPackageV2/108966772809,package:#8; weight:4.0lb; was:0 POUNDS
FLB602,FLB602-WH,updated,8,4,gid://shopify/ShippingPackageV2/108966772809,package:#8; weight:4.0lb; was:0 POUNDS
FLB602,FLB602-EGP,updated,8,4,gid://shopify/ShippingPackageV2/108966772809,package:#8; weight:4.0lb; was:0 POUNDS
FLB602,FLB602-YL,updated,8,4,gid://shopify/ShippingPackageV2/108966772809,package:#8; weight:4.0lb; was:0 POUNDS
FLB603-NA,FLB603-NA,updated,21,5,gid://shopify/ShippingPackageV2/108967100489,package:#21; weight:5.0lb; was:0 POUNDS
FLB608,FLB608-PK,updated,5,3,gid://shopify/ShippingPackageV2/108966674505,package:#5; weight:3.0lb; was:0 POUNDS
FLB608,FLB608-BY,updated,5,3,gid://shopify/ShippingPackageV2/108966674505,package:#5; weight:3.0lb; was:0 POUNDS
FLB608,FLB608-WH,updated,5,3,gid://shopify/ShippingPackageV2/108966674505,package:#5; weight:3.0lb; was:0 POUNDS
FLB608,FLB608-MP,updated,5,3,gid://shopify/ShippingPackageV2/108966674505,package:#5; weight:3.0lb; was:0 POUNDS
FLB639,FLB639-BYP,updated,14,8,gid://shopify/ShippingPackageV2/108966871113,package:#14; weight:8.0lb; was:0 POUNDS
FLB639,FLB639-MP,updated,14,8,gid://shopify/ShippingPackageV2/108966871113,package:#14; weight:8.0lb; was:0 POUNDS
FLB639,FLB639-WH,updated,14,8,gid://shopify/ShippingPackageV2/108966871113,package:#14; weight:8.0lb; was:0 POUNDS
FLB640-WH,FLB640-WH,updated,11,10,gid://shopify/ShippingPackageV2/108966838345,package:#11; weight:10.0lb; was:0 POUNDS
FLB717-MP,FLB717-MP,updated,14,6,gid://shopify/ShippingPackageV2/108966871113,package:#14; weight:6.0lb; was:0 POUNDS
FLB718-YL,FLB718-YL,updated,14,8,gid://shopify/ShippingPackageV2/108966871113,package:#14; weight:8.0lb; was:0 POUNDS
FLB737,FLB737-PK,updated,8,5,gid://shopify/ShippingPackageV2/108966772809,package:#8; weight:5.0lb; was:0 POUNDS
FLB737,FLB737-RD,updated,8,5,gid://shopify/ShippingPackageV2/108966772809,package:#8; weight:5.0lb; was:0 POUNDS
FLB737,FLB737-YL,updated,8,5,gid://shopify/ShippingPackageV2/108966772809,package:#8; weight:5.0lb; was:0 POUNDS
FLB737,FLB737-WH,updated,8,5,gid://shopify/ShippingPackageV2/108966772809,package:#8; weight:5.0lb; was:0 POUNDS
FLB741-MP,FLB741-MP,updated,14,5,gid://shopify/ShippingPackageV2/108966871113,package:#14; weight:5.0lb; was:0 POUNDS
FLB766-MP,FLB766-MP,updated,19,9,gid://shopify/ShippingPackageV2/108967034953,package:#19; weight:9.0lb; was:0 POUNDS
FLB774-MP,FLB774-MP,updated,10,4,gid://shopify/ShippingPackageV2/108966805577,package:#10; weight:4.0lb; was:0 POUNDS
FLB780,FLB780-CRW,updated,10,7,gid://shopify/ShippingPackageV2/108966805577,package:#10; weight:7.0lb; was:48 POUNDS
FLB780,FLB780-BUO,updated,10,7,gid://shopify/ShippingPackageV2/108966805577,package:#10; weight:7.0lb; was:48 POUNDS
FLB813-MP,FLB813-MP,updated,10,4,gid://shopify/ShippingPackageV2/108966805577,package:#10; weight:4.0lb; was:0 POUNDS
FLB817,FLB817-MP,updated,8,4,gid://shopify/ShippingPackageV2/108966772809,package:#8; weight:4.0lb; was:0 POUNDS
FLB817,FLB817-GRP,updated,8,4,gid://shopify/ShippingPackageV2/108966772809,package:#8; weight:4.0lb; was:0 POUNDS
FLB824-MS,FLB824-MS,updated,10,BO,gid://shopify/ShippingPackageV2/108966805577,package:#10; was:0 POUNDS
FLB839-MP,FLB839-MP,updated,8,5,gid://shopify/ShippingPackageV2/108966772809,package:#8; weight:5.0lb; was:0 POUNDS
FLB852-WH,FLB852-WH,updated,11,5,gid://shopify/ShippingPackageV2/108966838345,package:#11; weight:5.0lb; was:0 POUNDS
FLB853-MS,FLB853-MS,updated,11,6,gid://shopify/ShippingPackageV2/108966838345,package:#11; weight:6.0lb; was:0 POUNDS
FLB854-YE,FLB854-YE,updated,6,3,gid://shopify/ShippingPackageV2/108966707273,package:#6; weight:3.0lb; was:0 POUNDS
FLB863,FLB863-PKW,updated,8,5,gid://shopify/ShippingPackageV2/108966772809,package:#8; weight:5.0lb; was:48 POUNDS
FLB863,FLB863-BYG,updated,8,5,gid://shopify/ShippingPackageV2/108966772809,package:#8; weight:5.0lb; was:48 POUNDS
FLB865-CRW,FLB865-CRW,updated,21,5,gid://shopify/ShippingPackageV2/108967100489,package:#21; weight:5.0lb; was:0 POUNDS
FLB884-MS,FLB884-MS,updated,21,5,gid://shopify/ShippingPackageV2/108967100489,package:#21; weight:5.0lb; was:0 POUNDS
FLB889-MP,FLB889-MP,updated,21,5,gid://shopify/ShippingPackageV2/108967100489,package:#21; weight:5.0lb; was:0 POUNDS
FLB897-NA,FLB897-NA,updated,8,4,gid://shopify/ShippingPackageV2/108966772809,package:#8; weight:4.0lb; was:0 POUNDS
FLB910-MP,FLB910-MP,updated,21,5,gid://shopify/ShippingPackageV2/108967100489,package:#21; weight:5.0lb; was:0 POUNDS
FLB917-MP,FLB917-MP,updated,20,4,gid://shopify/ShippingPackageV2/108967067721,package:#20; weight:4.0lb; was:0 POUNDS
FLB927,FLB927-MS,updated,8,5,gid://shopify/ShippingPackageV2/108966772809,package:#8; weight:5.0lb; was:0 POUNDS
FLB927,FLB927-RDY,updated,8,5,gid://shopify/ShippingPackageV2/108966772809,package:#8; weight:5.0lb; was:0 POUNDS
FLB941,FLB941-WH,updated,7,2,gid://shopify/ShippingPackageV2/108966740041,package:#7; weight:2.0lb; was:0 POUNDS
FLB941,FLB941-FU,updated,7,2,gid://shopify/ShippingPackageV2/108966740041,package:#7; weight:2.0lb; was:0 POUNDS
FLB941,FLB941-MP,updated,7,2,gid://shopify/ShippingPackageV2/108966740041,package:#7; weight:2.0lb; was:0 POUNDS
FLB941,FLB941-MS,updated,7,2,gid://shopify/ShippingPackageV2/108966740041,package:#7; weight:2.0lb; was:0 POUNDS
FLB941,FLB941-RD,updated,7,2,gid://shopify/ShippingPackageV2/108966740041,package:#7; weight:2.0lb; was:0 POUNDS
FLB941,FLB941-TTO,updated,7,2,gid://shopify/ShippingPackageV2/108966740041,package:#7; weight:2.0lb; was:0 POUNDS
FLB941,FLB941-TTP,updated,7,2,gid://shopify/ShippingPackageV2/108966740041,package:#7; weight:2.0lb; was:0 POUNDS
FLB941,FLB941-YE,updated,7,2,gid://shopify/ShippingPackageV2/108966740041,package:#7; weight:2.0lb; was:0 POUNDS
FLB941,FLB941-WH-1,updated,7,2,gid://shopify/ShippingPackageV2/108966740041,package:#7; weight:2.0lb; was:0 POUNDS
FLB941,FLB941-FU-1,updated,7,2,gid://shopify/ShippingPackageV2/108966740041,package:#7; weight:2.0lb; was:0 POUNDS
FLB941,FLB941-MP-1,updated,7,2,gid://shopify/ShippingPackageV2/108966740041,package:#7; weight:2.0lb; was:0 POUNDS
FLB941,FLB941-MS-1,updated,7,2,gid://shopify/ShippingPackageV2/108966740041,package:#7; weight:2.0lb; was:0 POUNDS
FLB941,FLB941-RD-1,updated,7,2,gid://shopify/ShippingPackageV2/108966740041,package:#7; weight:2.0lb; was:0 POUNDS
FLB941,FLB941-TTO-1,updated,7,2,gid://shopify/ShippingPackageV2/108966740041,package:#7; weight:2.0lb; was:0 POUNDS
FLB941,FLB941-TTP-1,updated,7,2,gid://shopify/ShippingPackageV2/108966740041,package:#7; weight:2.0lb; was:0 POUNDS
FLB941,FLB941-YE-1,updated,7,2,gid://shopify/ShippingPackageV2/108966740041,package:#7; weight:2.0lb; was:0 POUNDS
FLB943-CRW,FLB943-CRW,updated,20,8,gid://shopify/ShippingPackageV2/108967067721,package:#20; weight:8.0lb; was:0 POUNDS
FLB944-MP,FLB944-MP,updated,20,8,gid://shopify/ShippingPackageV2/108967067721,package:#20; weight:8.0lb; was:0 POUNDS
FLB947-MS,FLB947-MS,updated,11,6,gid://shopify/ShippingPackageV2/108966838345,package:#11; weight:6.0lb; was:0 POUNDS
FLB956-BLW,FLB956-BLW,updated,10,4,gid://shopify/ShippingPackageV2/108966805577,package:#10; weight:4.0lb; was:0 POUNDS
FLB973-CRW,FLB973-CRW,updated,19,9,gid://shopify/ShippingPackageV2/108967034953,package:#19; weight:9.0lb; was:0 POUNDS
FLB977-BLW,FLB977-BLW,updated,20,8,gid://shopify/ShippingPackageV2/108967067721,package:#20; weight:8.0lb; was:0 POUNDS
FLB982-MS,FLB982-MS,updated,10,4,gid://shopify/ShippingPackageV2/108966805577,package:#10; weight:4.0lb; was:0 POUNDS
FLB991-MP,FLB991-MP,updated,10,4,gid://shopify/ShippingPackageV2/108966805577,package:#10; weight:4.0lb; was:16 POUNDS
FLB992-MP,FLB992-MP,updated,10,5,gid://shopify/ShippingPackageV2/108966805577,package:#10; weight:5.0lb; was:16 POUNDS
FLB993-MP,FLB993-MP,updated,14,9,gid://shopify/ShippingPackageV2/108966871113,package:#14; weight:9.0lb; was:16 POUNDS
FLB994-MP,FLB994-MP,updated,11,BO,gid://shopify/ShippingPackageV2/108966838345,package:#11; was:16 POUNDS
FLB995-MS,FLB995-MS,updated,10,5,gid://shopify/ShippingPackageV2/108966805577,package:#10; weight:5.0lb; was:16 POUNDS
FLB998-NA,FLB998-NA,updated,14,5,gid://shopify/ShippingPackageV2/108966871113,package:#14; weight:5.0lb; was:36 POUNDS
FLC117,FLC117-PKL,updated,15,5,gid://shopify/ShippingPackageV2/108966903881,package:#15; weight:5.0lb; was:32 POUNDS
FLC117,FLC117-CPE,updated,15,5,gid://shopify/ShippingPackageV2/108966903881,package:#15; weight:5.0lb; was:32 POUNDS
FLC128-MP,FLC128-MP,updated,19,9,gid://shopify/ShippingPackageV2/108967034953,package:#19; weight:9.0lb; was:48 POUNDS
FLC154,FLC154-PK,updated,19,7,gid://shopify/ShippingPackageV2/108967034953,package:#19; weight:7.0lb; was:60 POUNDS
FLC154,FLC154-CPG,updated,19,7,gid://shopify/ShippingPackageV2/108967034953,package:#19; weight:7.0lb; was:60 POUNDS
FLC154,FLC154-MP,updated,19,7,gid://shopify/ShippingPackageV2/108967034953,package:#19; weight:7.0lb; was:60 POUNDS
FLC157-MP,FLC157-MP,updated,16,6,gid://shopify/ShippingPackageV2/108966936649,package:#16; weight:6.0lb; was:48 POUNDS
FLC162-NA,FLC162-NA,updated,15,4,gid://shopify/ShippingPackageV2/108966903881,package:#15; weight:4.0lb; was:32 POUNDS
FLC169,FLC169-PK,updated,16,7,gid://shopify/ShippingPackageV2/108966936649,package:#16; weight:7.0lb; was:64 POUNDS
FLC169,FLC169-YE,updated,16,7,gid://shopify/ShippingPackageV2/108966936649,package:#16; weight:7.0lb; was:64 POUNDS
FLC175,FLC175-RD,updated,19,9,gid://shopify/ShippingPackageV2/108967034953,package:#19; weight:9.0lb; was:64 POUNDS
FLC175,FLC175-ROP,updated,19,9,gid://shopify/ShippingPackageV2/108967034953,package:#19; weight:9.0lb; was:64 POUNDS
FLC177-MS,FLC177-MS,updated,16,7,gid://shopify/ShippingPackageV2/108966936649,package:#16; weight:7.0lb; was:48 POUNDS
FLC179-MP,FLC179-MP,updated,16,6,gid://shopify/ShippingPackageV2/108966936649,package:#16; weight:6.0lb; was:48 POUNDS
FLC211-WG,FLC211-WG,updated,14,9,gid://shopify/ShippingPackageV2/108966871113,package:#14; weight:9.0lb; was:64 POUNDS
FLC224-MP,FLC224-MP,updated,16,6,gid://shopify/ShippingPackageV2/108966936649,package:#16; weight:6.0lb; was:48 POUNDS
FLC225-PKW,FLC225-PKW,updated,16,6,gid://shopify/ShippingPackageV2/108966936649,package:#16; weight:6.0lb; was:72 POUNDS
FLC229,FLC229-PKR,updated,10,6,gid://shopify/ShippingPackageV2/108966805577,package:#10; weight:6.0lb; was:48 POUNDS
FLC229,FLC229-YEP,updated,10,6,gid://shopify/ShippingPackageV2/108966805577,package:#10; weight:6.0lb; was:48 POUNDS
FLC436-YEO,FLC436-YEO,updated,14,7,gid://shopify/ShippingPackageV2/108966871113,package:#14; weight:7.0lb; was:80 POUNDS
FLC633-YEO,FLC633-YEO,updated,10,5,gid://shopify/ShippingPackageV2/108966805577,package:#10; weight:5.0lb; was:0 POUNDS
FLC719,FLC719-MS,updated,16,5,gid://shopify/ShippingPackageV2/108966936649,package:#16; weight:5.0lb; was:0 POUNDS
FLC719,FLC719-YO,updated,16,5,gid://shopify/ShippingPackageV2/108966936649,package:#16; weight:5.0lb; was:0 POUNDS
FLC720-MS,FLC720-MS,updated,10,5,gid://shopify/ShippingPackageV2/108966805577,package:#10; weight:5.0lb; was:0 POUNDS
FLC773,FLC773-OR,updated,15,5,gid://shopify/ShippingPackageV2/108966903881,package:#15; weight:5.0lb; was:0 POUNDS
FLC773,FLC773-WH,updated,15,5,gid://shopify/ShippingPackageV2/108966903881,package:#15; weight:5.0lb; was:0 POUNDS
FLC791,FLC791-YEW,updated,15,4,gid://shopify/ShippingPackageV2/108966903881,package:#15; weight:4.0lb; was:0 POUNDS
FLC791,FLC791-MS,updated,15,4,gid://shopify/ShippingPackageV2/108966903881,package:#15; weight:4.0lb; was:0 POUNDS
FLC820,FLC820-TTF,updated,19,7,gid://shopify/ShippingPackageV2/108967034953,package:#19; weight:7.0lb; was:0 POUNDS
FLC820,FLC820-WH,updated,19,7,gid://shopify/ShippingPackageV2/108967034953,package:#19; weight:7.0lb; was:0 POUNDS
FLC858-WH,,skipped_nothing_to_assign,X,DISC,,box_ignored:X;weight_ignored:DISC
FLC875,FLC875-MP,updated,27,9,gid://shopify/ShippingPackageV2/108967166025,package:#27; weight:9.0lb; was:0 POUNDS
FLC875,FLC875-WH,updated,27,9,gid://shopify/ShippingPackageV2/108967166025,package:#27; weight:9.0lb; was:0 POUNDS
FLC876-MP,,skipped_nothing_to_assign,X,DISC,,box_ignored:X;weight_ignored:DISC
FLC907,FLC907-BYP,updated,15,5,gid://shopify/ShippingPackageV2/108966903881,package:#15; weight:5.0lb; was:0 POUNDS
FLC907,FLC907-PKW,updated,15,5,gid://shopify/ShippingPackageV2/108966903881,package:#15; weight:5.0lb; was:0 POUNDS
FLC907,FLC907-WH,updated,15,5,gid://shopify/ShippingPackageV2/108966903881,package:#15; weight:5.0lb; was:0 POUNDS
FLC931-MP,,skipped_nothing_to_assign,X,DISC,,box_ignored:X;weight_ignored:DISC
FLC932-CRW,,skipped_nothing_to_assign,X,DISC,,box_ignored:X;weight_ignored:DISC
FLC970-NA,FLC970-NA,updated,15,7,gid://shopify/ShippingPackageV2/108966903881,package:#15; weight:7.0lb; was:0 POUNDS
FLC976-WG,FLC976-WG,updated,15,7,gid://shopify/ShippingPackageV2/108966903881,package:#15; weight:7.0lb; was:0 POUNDS
FLC978-MP,,skipped_nothing_to_assign,X,DISC,,box_ignored:X;weight_ignored:DISC
FLC980-CRW,FLC980-CRW,updated,50B,18,,weight:18.0lb; was:0 POUNDS
FLC983,FLC983-YEO,updated,16,6,gid://shopify/ShippingPackageV2/108966936649,package:#16; weight:6.0lb; was:0 POUNDS
FLC983,FLC983-PYE,updated,16,6,gid://shopify/ShippingPackageV2/108966936649,package:#16; weight:6.0lb; was:0 POUNDS
FLC984-MP,FLC984-MP,updated,19,8,gid://shopify/ShippingPackageV2/108967034953,package:#19; weight:8.0lb; was:0 POUNDS
FLC989-MP,FLC989-MP,updated,6,4,gid://shopify/ShippingPackageV2/108966707273,package:#6; weight:4.0lb; was:16 POUNDS
FLC999-NA,FLC999-NA,updated,15,6,gid://shopify/ShippingPackageV2/108966903881,package:#15; weight:6.0lb; was:48 POUNDS
HDA246-RDG,HDA246-RDG,updated,21,6,gid://shopify/ShippingPackageV2/108967100489,package:#21; weight:6.0lb; was:0 POUNDS
HDA250-RDW,HDA250-RDW,updated,10,BO,gid://shopify/ShippingPackageV2/108966805577,package:#10; was:0 POUNDS
HDA257-RD,HDA257-RD,updated,10,5,gid://shopify/ShippingPackageV2/108966805577,package:#10; weight:5.0lb; was:0 POUNDS
HDA273-TEF,HDA273-TEF,updated,8,BO,gid://shopify/ShippingPackageV2/108966772809,package:#8; was:0 POUNDS
HDA287-RDW,HDA287-RDW,updated,11,6,gid://shopify/ShippingPackageV2/108966838345,package:#11; weight:6.0lb; was:0 POUNDS
HDA294-RD,,skipped_nothing_to_assign,X,DISC,,box_ignored:X;weight_ignored:DISC
HDA300,HDA300-RD,updated,14,4,gid://shopify/ShippingPackageV2/108966871113,package:#14; weight:4.0lb; was:48 POUNDS
HDA300,HDA300-WH,updated,14,4,gid://shopify/ShippingPackageV2/108966871113,package:#14; weight:4.0lb; was:48 POUNDS
HDA301,HDA301-RD,updated,550,6,gid://shopify/ShippingPackageV2/108969033801,package:#550; weight:6.0lb; was:48 POUNDS
HDA301,HDA301-WH,updated,550,6,gid://shopify/ShippingPackageV2/108969033801,package:#550; weight:6.0lb; was:48 POUNDS
HDA381-RDW,HDA381-RDW,updated,21,6,gid://shopify/ShippingPackageV2/108967100489,package:#21; weight:6.0lb; was:0 POUNDS
HDA412-RD,HDA412-RD,updated,15,5,gid://shopify/ShippingPackageV2/108966903881,package:#15; weight:5.0lb; was:64 POUNDS
HDA419-RD,HDA419-RD,updated,20,BO,gid://shopify/ShippingPackageV2/108967067721,package:#20; was:0 POUNDS
HDA431-RDG,HDA431-RDG,updated,27,BO,gid://shopify/ShippingPackageV2/108967166025,package:#27; was:64 POUNDS
HDA433-RDG,HDA433-RDG,updated,11,BO,gid://shopify/ShippingPackageV2/108966838345,package:#11; was:64 POUNDS
HDA435-RD,HDA435-RD,updated,8,BO,gid://shopify/ShippingPackageV2/108966772809,package:#8; was:48 POUNDS
HDA444-VGR,HDA444-VGR,updated,21,BO,gid://shopify/ShippingPackageV2/108967100489,package:#21; was:0 POUNDS
HDA446-VGR,,sku_not_found,11,4,gid://shopify/ShippingPackageV2/108966838345,
HDA454-WH,HDA454-WH,updated,16,5,gid://shopify/ShippingPackageV2/108966936649,package:#16; weight:5.0lb; was:48 POUNDS
HDA525-CHG,HDA525-CHG,updated,20,BO,gid://shopify/ShippingPackageV2/108967067721,package:#20; was:48 POUNDS
HDA526-RDG,HDA526-RDG,updated,55,8,gid://shopify/ShippingPackageV2/108967460937,package:#55; weight:8.0lb; was:48 POUNDS
HDA530-GRR,HDA530-GRR,updated,21,BO,gid://shopify/ShippingPackageV2/108967100489,package:#21; was:64 POUNDS
HDA531-GRR,HDA531-GRR,updated,11,5,gid://shopify/ShippingPackageV2/108966838345,package:#11; weight:5.0lb; was:48 POUNDS
HDA535-CHG,HDA535-CHG,updated,21,BO,gid://shopify/ShippingPackageV2/108967100489,package:#21; was:48 POUNDS
HDB200,HDB200-RD,updated,14,5,gid://shopify/ShippingPackageV2/108966871113,package:#14; weight:5.0lb; was:0 POUNDS
HDB200,HDB200-WH,updated,14,5,gid://shopify/ShippingPackageV2/108966871113,package:#14; weight:5.0lb; was:0 POUNDS
HDB201,HDB201-RD,updated,27,11,gid://shopify/ShippingPackageV2/108967166025,package:#27; weight:11.0lb; was:0 POUNDS
HDB201,HDB201-WH,updated,27,11,gid://shopify/ShippingPackageV2/108967166025,package:#27; weight:11.0lb; was:0 POUNDS
HDB218-RD,HDB218-RD,updated,15,BO,gid://shopify/ShippingPackageV2/108966903881,package:#15; was:0 POUNDS
HDB233,HDB233-RD,updated,10,4,gid://shopify/ShippingPackageV2/108966805577,package:#10; weight:4.0lb; was:0 POUNDS
HDB233,HDB233-WH,updated,10,4,gid://shopify/ShippingPackageV2/108966805577,package:#10; weight:4.0lb; was:0 POUNDS
HDB239-WH,HDB239-WH,updated,5,2,gid://shopify/ShippingPackageV2/108966674505,package:#5; weight:2.0lb; was:0 POUNDS
HDB286-RDW,HDB286-RDW,updated,6,3,gid://shopify/ShippingPackageV2/108966707273,package:#6; weight:3.0lb; was:0 POUNDS
HDB296,,skipped_nothing_to_assign,X,DISC,,box_ignored:X;weight_ignored:DISC
HDB308-RD,HDB308-RD,updated,2,3,gid://shopify/ShippingPackageV2/108966641737,package:#2; weight:3.0lb; was:0 POUNDS
HDB337-RDW,HDB337-RDW,updated,6,3,gid://shopify/ShippingPackageV2/108966707273,package:#6; weight:3.0lb; was:0 POUNDS
HDB370-RD,HDB370-RD,updated,5,3,gid://shopify/ShippingPackageV2/108966674505,package:#5; weight:3.0lb; was:0 POUNDS
HDB371-RD,HDB371-RD,updated,2,2,gid://shopify/ShippingPackageV2/108966641737,package:#2; weight:2.0lb; was:0 POUNDS
HDB395,HDB395-RD,updated,6,3,gid://shopify/ShippingPackageV2/108966707273,package:#6; weight:3.0lb; was:0 POUNDS
HDB395,HDB395-WH,updated,6,3,gid://shopify/ShippingPackageV2/108966707273,package:#6; weight:3.0lb; was:0 POUNDS
HDB456-WHS,HDB456-WHS,updated,14,6,gid://shopify/ShippingPackageV2/108966871113,package:#14; weight:6.0lb; was:48 POUNDS
HDB601,HDB601-RD,updated,8,4,gid://shopify/ShippingPackageV2/108966772809,package:#8; weight:4.0lb; was:0 POUNDS
HDB601,HDB601-WH,updated,8,4,gid://shopify/ShippingPackageV2/108966772809,package:#8; weight:4.0lb; was:0 POUNDS
HDC274-RD,HDC274-RD,updated,17,4,gid://shopify/ShippingPackageV2/108966969417,package:#17; weight:4.0lb; was:0 POUNDS
HDC411-GRR,HDC411-GRR,updated,17,4,gid://shopify/ShippingPackageV2/108966969417,package:#17; weight:4.0lb; was:0 POUNDS
HDC413-GRR,HDC413-GRR,updated,18,3,gid://shopify/ShippingPackageV2/108967002185,package:#18; weight:3.0lb; was:0 POUNDS
HDC414-GRR,HDC414-GRR,updated,17,4,gid://shopify/ShippingPackageV2/108966969417,package:#17; weight:4.0lb; was:48 POUNDS
HDC415-RD,HDC415-RD,updated,17,4,gid://shopify/ShippingPackageV2/108966969417,package:#17; weight:4.0lb; was:0 POUNDS
HDC417-RD,HDC417-RD,updated,18,3,gid://shopify/ShippingPackageV2/108967002185,package:#18; weight:3.0lb; was:0 POUNDS
HDC418-RD,HDC418-RD,updated,17,4,gid://shopify/ShippingPackageV2/108966969417,package:#17; weight:4.0lb; was:48 POUNDS
HDC420-WHS,HDC420-WHS,updated,17,4,gid://shopify/ShippingPackageV2/108966969417,package:#17; weight:4.0lb; was:36 POUNDS
HDC422-WHS,HDC422-WHS,updated,18,3,gid://shopify/ShippingPackageV2/108967002185,package:#18; weight:3.0lb; was:24 POUNDS
HDC423-WHS,HDC423-WHS,updated,17,4,gid://shopify/ShippingPackageV2/108966969417,package:#17; weight:4.0lb; was:24 POUNDS
HDC460-RDG,HDC460-RDG,updated,17,4,gid://shopify/ShippingPackageV2/108966969417,package:#17; weight:4.0lb; was:64 POUNDS
HDC470-GRR,HDC470-GRR,updated,17,4,gid://shopify/ShippingPackageV2/108966969417,package:#17; weight:4.0lb; was:48 POUNDS
HDC471-GRR,HDC471-GRR,updated,66,6,gid://shopify/ShippingPackageV2/108967592009,package:#66; weight:6.0lb; was:36 POUNDS
HDC472-GRR,HDC472-GRR,updated,18,4,gid://shopify/ShippingPackageV2/108967002185,package:#18; weight:4.0lb; was:48 POUNDS
HDC473-GRR,HDC473-GRR,updated,17,3,gid://shopify/ShippingPackageV2/108966969417,package:#17; weight:3.0lb; was:48 POUNDS
HDC510-GRR,HDC510-GRR,updated,42,4,gid://shopify/ShippingPackageV2/108967297097,package:#42; weight:4.0lb; was:16 POUNDS
HDC511-GRR,HDC511-GRR,updated,17,3,gid://shopify/ShippingPackageV2/108966969417,package:#17; weight:3.0lb; was:48 POUNDS
HDC513-GRR,HDC513-GRR,updated,18,4,gid://shopify/ShippingPackageV2/108967002185,package:#18; weight:4.0lb; was:32 POUNDS
HDC514-GRR,HDC514-GRR,updated,17,4,gid://shopify/ShippingPackageV2/108966969417,package:#17; weight:4.0lb; was:64 POUNDS
HDC520-CHG,HDC520-CHG,updated,17,4,gid://shopify/ShippingPackageV2/108966969417,package:#17; weight:4.0lb; was:36 POUNDS
HDC521-CHG,HDC521-CHG,updated,66,6,gid://shopify/ShippingPackageV2/108967592009,package:#66; weight:6.0lb; was:64 POUNDS
HDC522-CHG,HDC522-CHG,updated,18,3,gid://shopify/ShippingPackageV2/108967002185,package:#18; weight:3.0lb; was:36 POUNDS
HDC523-CHG,HDC523-CHG,updated,17,4,gid://shopify/ShippingPackageV2/108966969417,package:#17; weight:4.0lb; was:48 POUNDS
HDD222-05,HDD222-05,updated,549,BO,gid://shopify/ShippingPackageV2/108969001033,package:#549; was:128 POUNDS
HDD222-06,HDD222-06,updated,550,BO,gid://shopify/ShippingPackageV2/108969033801,package:#550; was:128 POUNDS
HDD224-GR,,skipped_nothing_to_assign,X,DISC,,box_ignored:X;weight_ignored:DISC
HDD529-GRR,HDD529-GRR,updated,27,BO,gid://shopify/ShippingPackageV2/108967166025,package:#27; was:48 POUNDS
PLA105-GR,,skipped_nothing_to_assign,M,Weigh,,box_ignored:M;weight_ignored:Weigh
PLA107-GR,,skipped_nothing_to_assign,X,DISC,,box_ignored:X;weight_ignored:DISC
PLA129-GB,,skipped_nothing_to_assign,X,DISC,,box_ignored:X;weight_ignored:DISC
PLA172-GR,,skipped_nothing_to_assign,M,Weigh,,box_ignored:M;weight_ignored:Weigh
PLA174-GR,,skipped_nothing_to_assign,M,Weigh,,box_ignored:M;weight_ignored:Weigh
PLA195-GR,,skipped_nothing_to_assign,M,Weigh,,box_ignored:M;weight_ignored:Weigh
PLA288-GR,,skipped_nothing_to_assign,X,DISC,,box_ignored:X;weight_ignored:DISC
PLA309-GR,,skipped_nothing_to_assign,M,Weigh,,box_ignored:M;weight_ignored:Weigh
PLA311-GR,PLA311-GR,updated,311,8,gid://shopify/ShippingPackageV2/108968181833,package:#311; weight:8.0lb; was:0 POUNDS
PLA320-GR,,skipped_nothing_to_assign,M,Weigh,,box_ignored:M;weight_ignored:Weigh
PLA328-NA,,skipped_nothing_to_assign,M,Weigh,,box_ignored:M;weight_ignored:Weigh
PLA330-GR,,skipped_nothing_to_assign,M,Weigh,,box_ignored:M;weight_ignored:Weigh
PLA333-GR,PLA333-GR,updated,333,8,gid://shopify/ShippingPackageV2/108968214601,package:#333; weight:8.0lb; was:128 POUNDS
PLA340-GR,PLA340-GR,updated,340,4,gid://shopify/ShippingPackageV2/108968345673,package:#340; weight:4.0lb; was:128 POUNDS
PLA341-GR,,skipped_nothing_to_assign,M,Weigh,,box_ignored:M;weight_ignored:Weigh
PLA343-GR,,skipped_nothing_to_assign,M,Weigh,,box_ignored:M;weight_ignored:Weigh
PLA350-NA,PLA350-NA,updated,350,7,gid://shopify/ShippingPackageV2/108968476745,package:#350; weight:7.0lb; was:0 POUNDS
PLA352-GR,,skipped_nothing_to_assign,M,Weigh,,box_ignored:M;weight_ignored:Weigh
PLA359-NA,PLA359-NA,updated,359,4,gid://shopify/ShippingPackageV2/108968575049,package:#359; weight:4.0lb; was:96 POUNDS
PLA359-NA1,,skipped_nothing_to_assign,X,DISC,,box_ignored:X;weight_ignored:DISC
PLA360-GB,,skipped_nothing_to_assign,M,Weigh,,box_ignored:M;weight_ignored:Weigh
PLA364-NA,,skipped_nothing_to_assign,M,Weigh,,box_ignored:M;weight_ignored:Weigh
PLA380-GR,,skipped_nothing_to_assign,M,Weigh,,box_ignored:M;weight_ignored:Weigh
PLA381-GR,,skipped_nothing_to_assign,M,Weigh,,box_ignored:M;weight_ignored:Weigh
PLA382-GR,,skipped_nothing_to_assign,X,DISC,,box_ignored:X;weight_ignored:DISC
PLA383-GR,,skipped_nothing_to_assign,X,DISC,,box_ignored:X;weight_ignored:DISC
PLA384-GR,,skipped_nothing_to_assign,X,DISC,,box_ignored:X;weight_ignored:DISC
PLA399-NA,,skipped_nothing_to_assign,M,Weigh,,box_ignored:M;weight_ignored:Weigh
PLA425-NA,,skipped_nothing_to_assign,M,Weigh,,box_ignored:M;weight_ignored:Weigh
PLA427-NA,,skipped_nothing_to_assign,M,Weigh,,box_ignored:M;weight_ignored:Weigh
PLA474-GC,,skipped_nothing_to_assign,M,Weigh,,box_ignored:M;weight_ignored:Weigh
PLA477-GR,,skipped_nothing_to_assign,X,DISC,,box_ignored:X;weight_ignored:DISC
PLA478-GR,,skipped_nothing_to_assign,X,DISC,,box_ignored:X;weight_ignored:DISC
PLA484-NA,,skipped_nothing_to_assign,M,Weigh,,box_ignored:M;weight_ignored:Weigh
PLA487-GR,,skipped_nothing_to_assign,M,Weigh,,box_ignored:M;weight_ignored:Weigh
PLA488-GB,,skipped_nothing_to_assign,M,Weigh,,box_ignored:M;weight_ignored:Weigh
PLA495-GR,PLA495-GR,updated,495,8,gid://shopify/ShippingPackageV2/108968640585,package:#495; weight:8.0lb; was:0 POUNDS
PLA501-GB,,skipped_nothing_to_assign,M,Weigh,,box_ignored:M;weight_ignored:Weigh
PLA502-GB,,skipped_nothing_to_assign,M,Weigh,,box_ignored:M;weight_ignored:Weigh
PLA504-GB,,skipped_nothing_to_assign,M,Weigh,,box_ignored:M;weight_ignored:Weigh
PLA506-GR,,skipped_nothing_to_assign,M,Weigh,,box_ignored:M;weight_ignored:Weigh
PLA507-GR,,skipped_nothing_to_assign,M,Weigh,,box_ignored:M;weight_ignored:Weigh
PLB407-GR,PLB407-GR,updated,14,4,gid://shopify/ShippingPackageV2/108966871113,package:#14; weight:4.0lb; was:64 POUNDS
PLB409-GR,PLB409-GR,updated,14,4,gid://shopify/ShippingPackageV2/108966871113,package:#14; weight:4.0lb; was:0 POUNDS
PLB410-GR,PLB410-GR,updated,14,4,gid://shopify/ShippingPackageV2/108966871113,package:#14; weight:4.0lb; was:0 POUNDS
PLB450-GR,,skipped_nothing_to_assign,X,DISC,,box_ignored:X;weight_ignored:DISC
PLB452-GR,,skipped_nothing_to_assign,X,DISC,,box_ignored:X;weight_ignored:DISC
PLB454-GR,,skipped_nothing_to_assign,X,DISC,,box_ignored:X;weight_ignored:DISC
PLB468-GR,,skipped_nothing_to_assign,X,DISC,,box_ignored:X;weight_ignored:DISC
PLB469-GR,,skipped_nothing_to_assign,X,DISC,,box_ignored:X;weight_ignored:DISC
PLC155-GC,,skipped_nothing_to_assign,M,Weigh,,box_ignored:M;weight_ignored:Weigh
PLC312-GR,,skipped_nothing_to_assign,M,Weigh,,box_ignored:M;weight_ignored:Weigh
PLC313-GB,,skipped_nothing_to_assign,M,Weigh,,box_ignored:M;weight_ignored:Weigh
PLC314-GC,,skipped_nothing_to_assign,M,Weigh,,box_ignored:M;weight_ignored:Weigh
PLC315-GR,,skipped_nothing_to_assign,M,Weigh,,box_ignored:M;weight_ignored:Weigh
PLC316-GR,,skipped_nothing_to_assign,M,Weigh,,box_ignored:M;weight_ignored:Weigh
PLC335-GR,,skipped_nothing_to_assign,M,Weigh,,box_ignored:M;weight_ignored:Weigh
PLC336-GR,,skipped_nothing_to_assign,M,Weigh,,box_ignored:M;weight_ignored:Weigh
PLC346-GR,,skipped_nothing_to_assign,M,Weigh,,box_ignored:M;weight_ignored:Weigh
PLD178-LF,PLD178-LF,updated,8,3,gid://shopify/ShippingPackageV2/108966772809,package:#8; weight:3.0lb; was:0 POUNDS
PLD181-LF,PLD181-LF,updated,8,3,gid://shopify/ShippingPackageV2/108966772809,package:#8; weight:3.0lb; was:0 POUNDS
PLD205-GR,PLD205-GR,updated,8,3,gid://shopify/ShippingPackageV2/108966772809,package:#8; weight:3.0lb; was:0 POUNDS
PLD210-GC,PLD210-GC,updated,8,3,gid://shopify/ShippingPackageV2/108966772809,package:#8; weight:3.0lb; was:0 POUNDS
PLD283-GR,,skipped_nothing_to_assign,M,Weigh,,box_ignored:M;weight_ignored:Weigh
PLD291-GR,PLD291-GR,updated,21,5,gid://shopify/ShippingPackageV2/108967100489,package:#21; weight:5.0lb; was:0 POUNDS
PLD292-GR,PLD292-GR,updated,21,5,gid://shopify/ShippingPackageV2/108967100489,package:#21; weight:5.0lb; was:0 POUNDS
PLD293-GB,PLD293-GB,updated,8,3,gid://shopify/ShippingPackageV2/108966772809,package:#8; weight:3.0lb; was:0 POUNDS
PLD361-NA,PLD361-NA,updated,551,8,gid://shopify/ShippingPackageV2/108969066569,package:#551; weight:8.0lb; was:64 POUNDS
PLD362-GR2,PLD362-GR2,updated,8,4,gid://shopify/ShippingPackageV2/108966772809,package:#8; weight:4.0lb; was:64 POUNDS
PLD405-GR,PLD405-GR,updated,14,4,gid://shopify/ShippingPackageV2/108966871113,package:#14; weight:4.0lb; was:48 POUNDS
PLD406-GR,PLD406-GR,updated,8,4,gid://shopify/ShippingPackageV2/108966772809,package:#8; weight:4.0lb; was:48 POUNDS
PLD416-NA,PLD416-NA,updated,8,3,gid://shopify/ShippingPackageV2/108966772809,package:#8; weight:3.0lb; was:48 POUNDS
PLD428-GB,PLD428-GB,updated,5,3,gid://shopify/ShippingPackageV2/108966674505,package:#5; weight:3.0lb; was:0 POUNDS
PLD429-GB,PLD429-GB,updated,8,4,gid://shopify/ShippingPackageV2/108966772809,package:#8; weight:4.0lb; was:0 POUNDS
PLD432-GR,PLD432-GR,updated,16,8,gid://shopify/ShippingPackageV2/108966936649,package:#16; weight:8.0lb; was:0 POUNDS
PLD437-GB,PLD437-GB,updated,8,4,gid://shopify/ShippingPackageV2/108966772809,package:#8; weight:4.0lb; was:0 POUNDS
PLD448-GR,,skipped_nothing_to_assign,X,DISC,,box_ignored:X;weight_ignored:DISC
PLD451-GR,PLD451-GR,updated,7,2,gid://shopify/ShippingPackageV2/108966740041,package:#7; weight:2.0lb; was:0 POUNDS
PLD455-GR,PLD455-GR,updated,8,3,gid://shopify/ShippingPackageV2/108966772809,package:#8; weight:3.0lb; was:0 POUNDS
PLD479-GR,PLD479-GR,updated,20,3,gid://shopify/ShippingPackageV2/108967067721,package:#20; weight:3.0lb; was:0 POUNDS
PLD481-GR,PLD481-GR,updated,8,4,gid://shopify/ShippingPackageV2/108966772809,package:#8; weight:4.0lb; was:0 POUNDS
PLD483-GR,,skipped_nothing_to_assign,X,DISC,,box_ignored:X;weight_ignored:DISC
PLD485-GC,,skipped_nothing_to_assign,X,DISC,,box_ignored:X;weight_ignored:DISC
PLD490-GR,,skipped_nothing_to_assign,X,DISC,,box_ignored:X;weight_ignored:DISC
PLD491-GR,PLD491-GR,updated,27,15,gid://shopify/ShippingPackageV2/108967166025,package:#27; weight:15.0lb; was:0 POUNDS
PLD493-NA,PLD493-NA,updated,27,15,gid://shopify/ShippingPackageV2/108967166025,package:#27; weight:15.0lb; was:0 POUNDS
PLD500-GR,PLD500-GR,updated,10,5,gid://shopify/ShippingPackageV2/108966805577,package:#10; weight:5.0lb; was:36 POUNDS
PLD508-GR,PLD508-GR,updated,7,3,gid://shopify/ShippingPackageV2/108966740041,package:#7; weight:3.0lb; was:48 POUNDS
PLD509-GR,PLD509-GR,updated,6,3,gid://shopify/ShippingPackageV2/108966707273,package:#6; weight:3.0lb; was:48 POUNDS
PLD532-GR,PLD532-GR,updated,5,3,gid://shopify/ShippingPackageV2/108966674505,package:#5; weight:3.0lb; was:48 POUNDS
PLD533-GC,PLD533-GC,updated,8,3,gid://shopify/ShippingPackageV2/108966772809,package:#8; weight:3.0lb; was:48 POUNDS
PLD534-GB,PLD534-GB,updated,8,4,gid://shopify/ShippingPackageV2/108966772809,package:#8; weight:4.0lb; was:48 POUNDS
TRA220-05,TRA220-05,updated,205,10,gid://shopify/ShippingPackageV2/108968083529,package:#205; weight:10.0lb; was:0 POUNDS
TRA220-06,TRA220-06,updated,206,18,gid://shopify/ShippingPackageV2/108968116297,package:#206; weight:18.0lb; was:0 POUNDS
TRA220-07,TRA220-07,updated,207,20,gid://shopify/ShippingPackageV2/108968149065,package:#207; weight:20.0lb; was:0 POUNDS
TRA311-05,TRA311-05,updated,105,8,gid://shopify/ShippingPackageV2/108967788617,package:#105; weight:8.0lb; was:0 POUNDS
TRA311-06,TRA311-06,updated,106,20,gid://shopify/ShippingPackageV2/108967821385,package:#106; weight:20.0lb; was:0 POUNDS
TRA311-07,TRA311-07,updated,107,18,gid://shopify/ShippingPackageV2/108967854153,package:#107; weight:18.0lb; was:0 POUNDS
TRC235-06,TRC235-06,updated,356,20,gid://shopify/ShippingPackageV2/108968509513,package:#356; weight:20.0lb; was:0 POUNDS
TRC235-07,TRC235-07,updated,357,22,gid://shopify/ShippingPackageV2/108968542281,package:#357; weight:22.0lb; was:0 POUNDS
TRC307-05,TRC307-05,updated,705,14,gid://shopify/ShippingPackageV2/108969099337,package:#705; weight:14.0lb; was:0 POUNDS
TRC307-65,TRC307-65,updated,765,17,gid://shopify/ShippingPackageV2/108969132105,package:#765; weight:17.0lb; was:0 POUNDS
TRC338-05,TRC338-05,updated,335,9,gid://shopify/ShippingPackageV2/108968247369,package:#335; weight:9.0lb; was:128 POUNDS
TRC338-06,TRC338-06,updated,336,16,gid://shopify/ShippingPackageV2/108968280137,package:#336; weight:16.0lb; was:128 OUNCES
TRC338-07,TRC338-07,updated,337,16,gid://shopify/ShippingPackageV2/108968312905,package:#337; weight:16.0lb; was:128 POUNDS
TRF295-06,TRF295-06,updated,956,16,gid://shopify/ShippingPackageV2/108969164873,package:#956; weight:16.0lb; was:0 POUNDS
TRF295-07,TRF295-07,updated,957,17,gid://shopify/ShippingPackageV2/108969197641,package:#957; weight:17.0lb; was:0 POUNDS
TRF313-05,TRF313-05,updated,135,8,gid://shopify/ShippingPackageV2/108967985225,package:#135; weight:8.0lb; was:0 POUNDS
TRF313-06,TRF313-06,updated,136,10,gid://shopify/ShippingPackageV2/108968017993,package:#136; weight:10.0lb; was:0 POUNDS
TRF313-07,TRF313-07,updated,137,17,gid://shopify/ShippingPackageV2/108968050761,package:#137; weight:17.0lb; was:0 POUNDS
TRM312-05,TRM312-05,updated,125,11,gid://shopify/ShippingPackageV2/108967886921,package:#125; weight:11.0lb; was:0 POUNDS
TRM312-06,TRM312-06,updated,126,21,gid://shopify/ShippingPackageV2/108967919689,package:#126; weight:21.0lb; was:0 POUNDS
TRM312-07,TRM312-07,updated,127,18,gid://shopify/ShippingPackageV2/108967952457,package:#127; weight:18.0lb; was:0 POUNDS
TRM340-05,TRM340-05,updated,345,10,gid://shopify/ShippingPackageV2/108968378441,package:#345; weight:10.0lb; was:128 POUNDS
TRM340-06,TRM340-06,updated,346,18,gid://shopify/ShippingPackageV2/108968411209,package:#346; weight:18.0lb; was:128 POUNDS
TRM340-07,TRM340-07,updated,347,19,gid://shopify/ShippingPackageV2/108968443977,package:#347; weight:19.0lb; was:128 POUNDS
TTB120-GR,TTB120-GR,updated,14,5,gid://shopify/ShippingPackageV2/108966871113,package:#14; weight:5.0lb; was:0 POUNDS
WRA165-NA,WRA165-NA,updated,17,4,gid://shopify/ShippingPackageV2/108966969417,package:#17; weight:4.0lb; was:0 POUNDS
WRA180-MP,WRA180-MP,updated,17,4,gid://shopify/ShippingPackageV2/108966969417,package:#17; weight:4.0lb; was:0 POUNDS
WRA230-LV,WRA230-LV,updated,17,4,gid://shopify/ShippingPackageV2/108966969417,package:#17; weight:4.0lb; was:0 POUNDS
WRA231-LV,WRA231-LV,updated,18,3,gid://shopify/ShippingPackageV2/108967002185,package:#18; weight:3.0lb; was:0 POUNDS
WRA242-NA,WRA242-NA,updated,17,4,gid://shopify/ShippingPackageV2/108966969417,package:#17; weight:4.0lb; was:0 POUNDS
WRA243-NA,WRA243-NA,updated,17,4,gid://shopify/ShippingPackageV2/108966969417,package:#17; weight:4.0lb; was:0 POUNDS
WRA244-NA,WRA244-NA,updated,18,3,gid://shopify/ShippingPackageV2/108967002185,package:#18; weight:3.0lb; was:0 POUNDS
WRA256-MP,WRA256-MP,updated,42,3,gid://shopify/ShippingPackageV2/108967297097,package:#42; weight:3.0lb; was:0 POUNDS
WRA258-MP,WRA258-MP,updated,42,3,gid://shopify/ShippingPackageV2/108967297097,package:#42; weight:3.0lb; was:0 POUNDS
WRA259-MP,WRA259-MP,updated,18,3,gid://shopify/ShippingPackageV2/108967002185,package:#18; weight:3.0lb; was:0 POUNDS
WRA262-MS,WRA262-MS,updated,18,3,gid://shopify/ShippingPackageV2/108967002185,package:#18; weight:3.0lb; was:0 POUNDS
WRA264-MS,WRA264-MS,updated,18,3,gid://shopify/ShippingPackageV2/108967002185,package:#18; weight:3.0lb; was:0 POUNDS
WRA277-YE,WRA277-YE,updated,17,4,gid://shopify/ShippingPackageV2/108966969417,package:#17; weight:4.0lb; was:0 POUNDS
WRA278-YE,WRA278-YE,updated,18,3,gid://shopify/ShippingPackageV2/108967002185,package:#18; weight:3.0lb; was:0 POUNDS
WRA283-WG,,skipped_nothing_to_assign,X,DISC,,box_ignored:X;weight_ignored:DISC
WRA304-NA,WRA304-NA,updated,17,4,gid://shopify/ShippingPackageV2/108966969417,package:#17; weight:4.0lb; was:32 POUNDS
WRA305-NA,WRA305-NA,updated,18,3,gid://shopify/ShippingPackageV2/108967002185,package:#18; weight:3.0lb; was:32 POUNDS
WRA342-NA,WRA342-NA,updated,17,4,gid://shopify/ShippingPackageV2/108966969417,package:#17; weight:4.0lb; was:32 POUNDS
WRA344-NA,WRA344-NA,updated,18,3,gid://shopify/ShippingPackageV2/108967002185,package:#18; weight:3.0lb; was:32 POUNDS
WRA357-MP,WRA357-MP,updated,17,4,gid://shopify/ShippingPackageV2/108966969417,package:#17; weight:4.0lb; was:32 POUNDS
WRA358-MP,WRA358-MP,updated,18,3,gid://shopify/ShippingPackageV2/108967002185,package:#18; weight:3.0lb; was:48 POUNDS
WRA372-NA,WRA372-NA,updated,17,4,gid://shopify/ShippingPackageV2/108966969417,package:#17; weight:4.0lb; was:32 POUNDS
WRA374-YE,WRA374-YE,updated,42,3,gid://shopify/ShippingPackageV2/108967297097,package:#42; weight:3.0lb; was:36 POUNDS
WRA375-CRF,WRA375-CRF,updated,17,4,gid://shopify/ShippingPackageV2/108966969417,package:#17; weight:4.0lb; was:36 POUNDS
WRA376-MS,WRA376-MS,updated,17,4,gid://shopify/ShippingPackageV2/108966969417,package:#17; weight:4.0lb; was:36 POUNDS
