item,sku,product_name,sheet_weight_raw,sheet_weight_lb,bc_weight_lb,implied_lb_from_div16,ratio,issue_type,detail,product_id,variant_id,shopify_weight_lb,bc_minus_shopify_lb
FLA206,FLA206,Rose Bouquet Silk Flower Accent,3,3.0,36.0,2.25,12.00,div16_near_sheet,was/16=2.25lb vs sheet=3lb,6621,,,
FLA206,FLA206-MP,Rose Bouquet Silk Flower Accent,3,3.0,36.0,2.25,12.00,div16_near_sheet,was/16=2.25lb vs sheet=3lb,6621,6888,3.0,33.00
FLA206,FLA206-PEY,Rose Bouquet Silk Flower Accent,3,3.0,36.0,2.25,12.00,div16_near_sheet,was/16=2.25lb vs sheet=3lb,6621,6889,3.0,33.00
FLA206,FLA206-RDO,Rose Bouquet Silk Flower Accent,3,3.0,36.0,2.25,12.00,div16_near_sheet,was/16=2.25lb vs sheet=3lb,6621,6890,3.0,33.00
HDC522-CHG,HDC522-CHG,Champagne Elegance Artificial Holiday Teardrop,3,3.0,36.0,2.25,12.00,div16_near_sheet,was/16=2.25lb vs sheet=3lb,6564,6811,3.0,33.00
WRA374-YE,WRA374-YE,Silk Forsythia Wreath,3,3.0,36.0,2.25,12.00,div16_near_sheet,was/16=2.25lb vs sheet=3lb,6633,6906,3.0,33.00
FLA189-MS,FLA189-MS,"Roses, Cosmos & Tulips Silk Flower Arrangement",2,2.0,32.0,2.00,16.00,exact_16x,was/sheet=16.00,6596,6849,2.0,30.00
FLB161-NA,FLB161-NA,"Maple, Pomegranate & Pinecone Faux Autumn Centerpiece",3,3.0,48.0,3.00,16.00,exact_16x,was/sheet=16.00,6545,6784,3.0,45.00
FLB183-PK,FLB183-PK,"Tulips, Hydrangea & Berries Silk Flower Arrangement",4,4.0,64.0,4.00,16.00,exact_16x,was/sheet=16.00,6623,6892,4.0,60.00
HDC460-RDG,HDC460-RDG,"Spruce, Berries & Cones Artificial Holiday Wreath",4,4.0,64.0,4.00,16.00,exact_16x,was/sheet=16.00,6492,6700,4.0,60.00
HDC473-GRR,HDC473-GRR,"Pine, Berry & Cedar Artificial Holiday Garland",3,3.0,48.0,3.00,16.00,exact_16x,was/sheet=16.00,6555,6802,3.0,45.00
HDC511-GRR,HDC511-GRR,"Jingle Bells 24"" Artificial Holiday Wreath",3,3.0,48.0,3.00,16.00,exact_16x,was/sheet=16.00,6559,6806,3.0,45.00
HDC514-GRR,HDC514-GRR,Jingle Bells Artificial Holiday Garland,4,4.0,64.0,4.00,16.00,exact_16x,was/sheet=16.00,6561,6808,4.0,60.00
PLA333-GR,PLA333-GR,Papyrus Grass Faux Foliage Plant,8,8.0,128.0,8.00,16.00,exact_16x,was/sheet=16.00,6587,6838,8.0,120.00
PLB407-GR,PLB407-GR,Hanging English Ivy Silk Foliage Planter,4,4.0,64.0,4.00,16.00,exact_16x,was/sheet=16.00,6630,6903,4.0,60.00
PLD362-GR2,PLD362-GR2,Mixed Silk Foliage Planter,4,4.0,64.0,4.00,16.00,exact_16x,was/sheet=16.00,6592,6843,4.0,60.00
PLD416-NA,PLD416-NA,"Maple, Pinecone & Berry Autumn Faux Foliage Accent",3,3.0,48.0,3.00,16.00,exact_16x,was/sheet=16.00,6611,6870,3.0,45.00
PLD508-GR,PLD508-GR,Mini English Ivy Silk Plant,3,3.0,48.0,3.00,16.00,exact_16x,was/sheet=16.00,6512,6734,3.0,45.00
PLD509-GR,PLD509-GR,Faux ZZ Plant,3,3.0,48.0,3.00,16.00,exact_16x,was/sheet=16.00,6513,6735,3.0,45.00
PLD532-GR,PLD532-GR,Desktop Cactus Faux Succulent Planter,3,3.0,48.0,3.00,16.00,exact_16x,was/sheet=16.00,6601,6857,3.0,45.00
PLD533-GC,PLD533-GC,"Fittonia, Laurel & Berries Mixed Faux Foliage Arrangement",3,3.0,48.0,3.00,16.00,exact_16x,was/sheet=16.00,6602,6858,3.0,45.00
WRA358-MP,WRA358-MP,Zinnia & Daisy Silk Flower Teardrop,3,3.0,48.0,3.00,16.00,exact_16x,was/sheet=16.00,6595,6846,3.0,45.00
FLA164-MP,FLA164-MP,Pansy Pitcher Faux Flower Arrangement,3,3.0,32.0,2.00,10.67,multiple_of_16,was=32lb sheet=3lb ratio=10.67,6575,6822,3.0,29.00
FLA197,FLA197,Faux Phalaenopsis Orchid Plant,5,5.0,48.0,3.00,9.60,multiple_of_16,was=48lb sheet=5lb ratio=9.60,6620,,,
FLA197,FLA197-FU,Faux Phalaenopsis Orchid Plant,5,5.0,48.0,3.00,9.60,multiple_of_16,was=48lb sheet=5lb ratio=9.60,6620,6884,5.0,43.00
FLA197,FLA197-TTP,Faux Phalaenopsis Orchid Plant,5,5.0,48.0,3.00,9.60,multiple_of_16,was=48lb sheet=5lb ratio=9.60,6620,6885,5.0,43.00
FLA197,FLA197-WH,Faux Phalaenopsis Orchid Plant,5,5.0,48.0,3.00,9.60,multiple_of_16,was=48lb sheet=5lb ratio=9.60,6620,6886,5.0,43.00
FLA988-MP,FLA988-MP,Sunflower & Daisy Accent,2,2.0,16.0,1.00,8.00,multiple_of_16,was=16lb sheet=2lb ratio=8.00,6359,6446,2.0,14.00
FLA996-NA,FLA996-NA,Harvest Moon Silk Flower Autumn Accent,2,2.0,16.0,1.00,8.00,multiple_of_16,was=16lb sheet=2lb ratio=8.00,6477,6685,2.0,14.00
FLB145-LV,FLB145-LV,Orchid Centerpiece Faux Flower Arrangement,5,5.0,48.0,3.00,9.60,multiple_of_16,was=48lb sheet=5lb ratio=9.60,6527,6761,5.0,43.00
FLB159-MP,FLB159-MP,"Mums, Cosmos & Daisies Silk Flower Autumn Centerpiece",4,4.0,32.0,2.00,8.00,multiple_of_16,was=32lb sheet=4lb ratio=8.00,6535,6774,4.0,28.00
FLB160-NA,FLB160-NA,Pumpkin Harvest Faux Flower Centerpiece,4,4.0,32.0,2.00,8.00,multiple_of_16,was=32lb sheet=4lb ratio=8.00,6536,6775,4.0,28.00
FLB166-MP,FLB166-MP,"Calla, Croton & Protea Faux Flower Arrangement",7,7.0,48.0,3.00,6.86,multiple_of_16,was=48lb sheet=7lb ratio=6.86,6576,6823,7.0,41.00
FLB168-RDW,FLB168-RDW,"Rose, Dahlia & Scabiosa Silk Flower Centerpiece",6,6.0,64.0,4.00,10.67,multiple_of_16,was=64lb sheet=6lb ratio=10.67,6577,6824,6.0,58.00
FLB171-MP,FLB171-MP,"Scabiosa, Rose & Rudbeckia Faux Flower Centerpiece",4,4.0,48.0,3.00,12.00,multiple_of_16,was=48lb sheet=4lb ratio=12.00,6578,6825,4.0,44.00
FLB173-MS,FLB173-MS,Floribunda Garden Silk Flower Centerpiece,5,5.0,48.0,3.00,9.60,multiple_of_16,was=48lb sheet=5lb ratio=9.60,6579,6826,5.0,43.00
FLB176-MS2,FLB176-MS2,Pin Cushion Protea & Dancing Orchid Faux Flower Arrangement,5,5.0,64.0,4.00,12.80,multiple_of_16,was=64lb sheet=5lb ratio=12.80,6580,6827,5.0,59.00
FLB182-LVB,FLB182-LVB,Garden Party Silk Flower Centerpiece,4,4.0,48.0,3.00,12.00,multiple_of_16,was=48lb sheet=4lb ratio=12.00,6622,6891,4.0,44.00
FLB196-MP,FLB196-MP,"Lily, Ranunculus & Berries Faux Flower Centerpiece",6,6.0,64.0,4.00,10.67,multiple_of_16,was=64lb sheet=6lb ratio=10.67,6598,6851,6.0,58.00
FLB302-MS,FLB302-MS,"Cabbage Rose, Zinnia & Orchid Silk Flower Centerpiece",5,5.0,48.0,3.00,9.60,multiple_of_16,was=48lb sheet=5lb ratio=9.60,6643,6934,5.0,43.00
FLB780,FLB780,Cymbidium Orchid & Monstera Leaf,7,7.0,48.0,3.00,6.86,multiple_of_16,was=48lb sheet=7lb ratio=6.86,5482,,,
FLB780,FLB780-BUO,Cymbidium Orchid & Monstera Leaf,7,7.0,48.0,3.00,6.86,multiple_of_16,was=48lb sheet=7lb ratio=6.86,5482,6786,7.0,41.00
FLB780,FLB780-CRW,Cymbidium Orchid & Monstera Leaf,7,7.0,48.0,3.00,6.86,multiple_of_16,was=48lb sheet=7lb ratio=6.86,5482,6785,7.0,41.00
FLB863,FLB863,Peony & Ranunculus Silk Flower Arrangement,5,5.0,48.0,3.00,9.60,multiple_of_16,was=48lb sheet=5lb ratio=9.60,5506,,,
FLB863,FLB863-BYG,Peony & Ranunculus Silk Flower Arrangement,5,5.0,48.0,3.00,9.60,multiple_of_16,was=48lb sheet=5lb ratio=9.60,5506,6910,5.0,43.00
FLB863,FLB863-PKW,Peony & Ranunculus Silk Flower Arrangement,5,5.0,48.0,3.00,9.60,multiple_of_16,was=48lb sheet=5lb ratio=9.60,5506,6909,5.0,43.00
FLC117,FLC117,"Peony, Aster & Cherry Blossom Faux Flower Arrangement",5,5.0,32.0,2.00,6.40,multiple_of_16,was=32lb sheet=5lb ratio=6.40,6507,,,
FLC117,FLC117-CPE,"Peony, Aster & Cherry Blossom Faux Flower Arrangement",5,5.0,32.0,2.00,6.40,multiple_of_16,was=32lb sheet=5lb ratio=6.40,6507,6729,5.0,27.00
FLC117,FLC117-PKL,"Peony, Aster & Cherry Blossom Faux Flower Arrangement",5,5.0,32.0,2.00,6.40,multiple_of_16,was=32lb sheet=5lb ratio=6.40,6507,6728,5.0,27.00
FLC157-MP,FLC157-MP,Autumn Fireworks Silk Flower Arrangement,6,6.0,48.0,3.00,8.00,multiple_of_16,was=48lb sheet=6lb ratio=8.00,6538,6777,6.0,42.00
FLC162-NA,FLC162-NA,Autumn Whirlwind Faux Flower Arrangement,4,4.0,32.0,2.00,8.00,multiple_of_16,was=32lb sheet=4lb ratio=8.00,6539,6778,4.0,28.00
FLC169,FLC169,Freesia Faux Flower Arrangement,7,7.0,64.0,4.00,9.14,multiple_of_16,was=64lb sheet=7lb ratio=9.14,6582,,,
FLC169,FLC169-PK,Freesia Faux Flower Arrangement,7,7.0,64.0,4.00,9.14,multiple_of_16,was=64lb sheet=7lb ratio=9.14,6582,6830,7.0,57.00
FLC169,FLC169-YE,Freesia Faux Flower Arrangement,7,7.0,64.0,4.00,9.14,multiple_of_16,was=64lb sheet=7lb ratio=9.14,6582,6831,7.0,57.00
FLC175,FLC175,Lavish Rambling Roses Silk Flower Arrangement,9,9.0,64.0,4.00,7.11,multiple_of_16,was=64lb sheet=9lb ratio=7.11,6583,,,
FLC175,FLC175-RD,Lavish Rambling Roses Silk Flower Arrangement,9,9.0,64.0,4.00,7.11,multiple_of_16,was=64lb sheet=9lb ratio=7.11,6583,6833,9.0,55.00
FLC175,FLC175-ROP,Lavish Rambling Roses Silk Flower Arrangement,9,9.0,64.0,4.00,7.11,multiple_of_16,was=64lb sheet=9lb ratio=7.11,6583,6834,9.0,55.00
FLC177-MS,FLC177-MS,"Roses, Delphiniums & Cosmos Silk Flower Arrangement",7,7.0,48.0,3.00,6.86,multiple_of_16,was=48lb sheet=7lb ratio=6.86,6584,6835,7.0,41.00
FLC179-MP,FLC179-MP,Delightful Delphiniums Silk Flower Arrangement,6,6.0,48.0,3.00,8.00,multiple_of_16,was=48lb sheet=6lb ratio=8.00,6585,6836,6.0,42.00
FLC211-WG,FLC211-WG,Calla Lilies Faux Flower Bouquet,9,9.0,64.0,4.00,7.11,multiple_of_16,was=64lb sheet=9lb ratio=7.11,6625,6894,9.0,55.00
FLC224-MP,FLC224-MP,Tropical Breeze Faux Flower Arrangement,6,6.0,48.0,3.00,8.00,multiple_of_16,was=48lb sheet=6lb ratio=8.00,6626,6895,6.0,42.00
FLC229,FLC229,"Gerbera, Rose & Scabiosa Silk Flower Arrangement",6,6.0,48.0,3.00,8.00,multiple_of_16,was=48lb sheet=6lb ratio=8.00,6629,,,
FLC229,FLC229-PKR,"Gerbera, Rose & Scabiosa Silk Flower Arrangement",6,6.0,48.0,3.00,8.00,multiple_of_16,was=48lb sheet=6lb ratio=8.00,6629,6901,6.0,42.00
FLC229,FLC229-YEP,"Gerbera, Rose & Scabiosa Silk Flower Arrangement",6,6.0,48.0,3.00,8.00,multiple_of_16,was=48lb sheet=6lb ratio=8.00,6629,6902,6.0,42.00
FLC436-YEO,FLC436-YEO,Sunshine Harvest Silk Flower Garden Arrangement,7,7.0,80.0,5.00,11.43,multiple_of_16,was=80lb sheet=7lb ratio=11.43,6609,6868,7.0,73.00
FLC999-NA,FLC999-NA,Bittersweet & Birch Silk Flower Arrangement,6,6.0,48.0,3.00,8.00,multiple_of_16,was=48lb sheet=6lb ratio=8.00,6481,6689,6.0,42.00
HDA300,HDA300,Poinsettia & Pine Artificial Holiday Centerpiece,4,4.0,48.0,3.00,12.00,multiple_of_16,was=48lb sheet=4lb ratio=12.00,6612,,,
HDA300,HDA300-RD,Poinsettia & Pine Artificial Holiday Centerpiece,4,4.0,48.0,3.00,12.00,multiple_of_16,was=48lb sheet=4lb ratio=12.00,6612,6872,4.0,44.00
HDA300,HDA300-WH,Poinsettia & Pine Artificial Holiday Centerpiece,4,4.0,48.0,3.00,12.00,multiple_of_16,was=48lb sheet=4lb ratio=12.00,6612,6873,4.0,44.00
HDA301,HDA301,Poinsettia & Mistletoe Artificial Holiday Planter,6,6.0,48.0,3.00,8.00,multiple_of_16,was=48lb sheet=6lb ratio=8.00,6613,,,
HDA301,HDA301-RD,Poinsettia & Mistletoe Artificial Holiday Planter,6,6.0,48.0,3.00,8.00,multiple_of_16,was=48lb sheet=6lb ratio=8.00,6613,6875,6.0,42.00
HDA301,HDA301-WH,Poinsettia & Mistletoe Artificial Holiday Planter,6,6.0,48.0,3.00,8.00,multiple_of_16,was=48lb sheet=6lb ratio=8.00,6613,6876,6.0,42.00
HDA412-RD,HDA412-RD,Ilex Berry & Seeded Eucalyptus Faux Holiday Arrangement,5,5.0,64.0,4.00,12.80,multiple_of_16,was=64lb sheet=5lb ratio=12.80,6614,6877,5.0,59.00
HDA454-WH,HDA454-WH,"Delphinium, Berries & Iced Pine Artificial Holiday Arrangement",5,5.0,48.0,3.00,9.60,multiple_of_16,was=48lb sheet=5lb ratio=9.60,6488,6696,5.0,43.00
HDA526-RDG,HDA526-RDG,Wispy Pine & Berries Artificial Holiday Arrangement,8,8.0,48.0,3.00,6.00,multiple_of_16,was=48lb sheet=8lb ratio=6.00,6548,6795,8.0,40.00
HDA531-GRR,HDA531-GRR,"Pine, Berry & Cedar Medium Artificial Holiday Centerpiece",5,5.0,48.0,3.00,9.60,multiple_of_16,was=48lb sheet=5lb ratio=9.60,6557,6804,5.0,43.00
HDB456-WHS,HDB456-WHS,White Winter & Silver Artificial Holiday Centerpiece,6,6.0,48.0,3.00,8.00,multiple_of_16,was=48lb sheet=6lb ratio=8.00,6491,6699,6.0,42.00
HDC414-GRR,HDC414-GRR,"Mixed Eucalyptus, Pine & Berries Silk Holiday Garland",4,4.0,48.0,3.00,12.00,multiple_of_16,was=48lb sheet=4lb ratio=12.00,6296,6312,4.0,44.00
HDC418-RD,HDC418-RD,"Plush Velvet Poinsettia, Pine & Berries Artificial Christmas Holiday Garland",4,4.0,48.0,3.00,12.00,multiple_of_16,was=48lb sheet=4lb ratio=12.00,6300,6316,4.0,44.00
HDC470-GRR,HDC470-GRR,"Pine, Berry & Cedar 24"" Artificial Holiday Wreath",4,4.0,48.0,3.00,12.00,multiple_of_16,was=48lb sheet=4lb ratio=12.00,6553,6800,4.0,44.00
HDC472-GRR,HDC472-GRR,"Pine, Berry & Cedar Artificial Holiday Teardrop",4,4.0,48.0,3.00,12.00,multiple_of_16,was=48lb sheet=4lb ratio=12.00,6554,6801,4.0,44.00
HDC513-GRR,HDC513-GRR,Jingle Bells Artificial Holiday Teardrop,4,4.0,32.0,2.00,8.00,multiple_of_16,was=32lb sheet=4lb ratio=8.00,6560,6807,4.0,28.00
HDC521-CHG,HDC521-CHG,"Champagne Elegance 30"" Artificial Holiday Wreath",6,6.0,64.0,4.00,10.67,multiple_of_16,was=64lb sheet=6lb ratio=10.67,6565,6812,6.0,58.00
HDC523-CHG,HDC523-CHG,Champagne Elegance Artificial Holiday Garland,4,4.0,48.0,3.00,12.00,multiple_of_16,was=48lb sheet=4lb ratio=12.00,6566,6813,4.0,44.00
PLA340-GR,PLA340-GR,Feather Grass Faux Foliage Plant,4,4.0,128.0,8.00,32.00,multiple_of_16,was=128lb sheet=4lb ratio=32.00,6588,6839,4.0,124.00
PLA359-NA,PLA359-NA,Serengeti Grass Faux Foliage Plant,4,4.0,96.0,6.00,24.00,multiple_of_16,was=96lb sheet=4lb ratio=24.00,6605,6864,4.0,92.00
PLD361-NA,PLD361-NA,Money Tree & Caladium Faux Foliage Planter,8,8.0,64.0,4.00,8.00,multiple_of_16,was=64lb sheet=8lb ratio=8.00,6591,6842,8.0,56.00
PLD405-GR,PLD405-GR,Faux Forest Fern Plant,4,4.0,48.0,3.00,12.00,multiple_of_16,was=48lb sheet=4lb ratio=12.00,6631,6904,4.0,44.00
PLD406-GR,PLD406-GR,Silk English Ivy Centerpiece,4,4.0,48.0,3.00,12.00,multiple_of_16,was=48lb sheet=4lb ratio=12.00,6632,6905,4.0,44.00
PLD534-GB,PLD534-GB,"Yucca, Cactus & Echeveria Mixed Faux Foliage Planter",4,4.0,48.0,3.00,12.00,multiple_of_16,was=48lb sheet=4lb ratio=12.00,6603,6859,4.0,44.00
TRC338-05,TRC338-05,5' Silk Bamboo Tree,9,9.0,128.0,8.00,14.22,multiple_of_16,was=128lb sheet=9lb ratio=14.22,6485,6693,9.0,119.00
TRC338-06,TRC338-06,6' Silk Bamboo Tree,16,16.0,128.0,8.00,8.00,multiple_of_16,was=128lb sheet=16lb ratio=8.00,6483,6691,16.0,112.00
TRC338-07,TRC338-07,7' Silk Bamboo Tree,16,16.0,128.0,8.00,8.00,multiple_of_16,was=128lb sheet=16lb ratio=8.00,6484,6692,16.0,112.00
TRM340-05,TRM340-05,5' Silk Mediterranean Olive Tree,10,10.0,128.0,8.00,12.80,multiple_of_16,was=128lb sheet=10lb ratio=12.80,6514,6736,10.0,118.00
TRM340-06,TRM340-06,6' Silk Mediterranean Olive Tree,18,18.0,128.0,8.00,7.11,multiple_of_16,was=128lb sheet=18lb ratio=7.11,6515,6737,18.0,110.00
TRM340-07,TRM340-07,7' Silk Mediterranean Olive Tree,19,19.0,128.0,8.00,6.74,multiple_of_16,was=128lb sheet=19lb ratio=6.74,6516,6738,19.0,109.00
WRA304-NA,WRA304-NA,Harvest Berries & Pinecones Artificial Autumn Wreath,4,4.0,32.0,2.00,8.00,multiple_of_16,was=32lb sheet=4lb ratio=8.00,6541,6780,4.0,28.00
WRA305-NA,WRA305-NA,Harvest Berries & Pinecones Artificial Autumn Teardrop,3,3.0,32.0,2.00,10.67,multiple_of_16,was=32lb sheet=3lb ratio=10.67,6542,6781,3.0,29.00
WRA342-NA,WRA342-NA,"Maple, Pomegranate & Pinecone Faux Autumn Wreath",4,4.0,32.0,2.00,8.00,multiple_of_16,was=32lb sheet=4lb ratio=8.00,6543,6782,4.0,28.00
WRA344-NA,WRA344-NA,"Maple, Pomegranate & Pinecone Faux Autumn Teardrop",3,3.0,32.0,2.00,10.67,multiple_of_16,was=32lb sheet=3lb ratio=10.67,6544,6783,3.0,29.00
WRA357-MP,WRA357-MP,Zinnia & Daisy Faux Flower Wreath,4,4.0,32.0,2.00,8.00,multiple_of_16,was=32lb sheet=4lb ratio=8.00,6594,6845,4.0,28.00
WRA372-NA,WRA372-NA,Fall Chestnut Silk Wreath,4,4.0,32.0,2.00,8.00,multiple_of_16,was=32lb sheet=4lb ratio=8.00,6610,6869,4.0,28.00
FLA136,FLA136,Dahlia Delight Silk Flower Arrangement,3,3.0,16.0,1.00,5.33,oz_like_value,was=16lb implies 1.00lb,6502,,,
FLA136,FLA136-CRW,Dahlia Delight Silk Flower Arrangement,3,3.0,16.0,1.00,5.33,oz_like_value,was=16lb implies 1.00lb,6502,6769,3.0,13.00
FLA136,FLA136-PE,Dahlia Delight Silk Flower Arrangement,3,3.0,16.0,1.00,5.33,oz_like_value,was=16lb implies 1.00lb,6502,6770,3.0,13.00
FLA136,FLA136-RD,Dahlia Delight Silk Flower Arrangement,3,3.0,16.0,1.00,5.33,oz_like_value,was=16lb implies 1.00lb,6502,6768,3.0,13.00
FLA921-MP,FLA921-MP,Sunflower & Zinnia Quart Jar Artificial Autumn Accent,4,4.0,36.0,2.25,9.00,oz_like_value,was=36lb implies 2.25lb,6607,6866,4.0,32.00
FLC225-PKW,FLC225-PKW,Magnolia & Ruffle Tulip Faux Flower Arrangement,6,6.0,72.0,4.50,12.00,oz_like_value,was=72lb implies 4.50lb,6627,6896,6.0,66.00
HDC420-WHS,HDC420-WHS,"Winter White & Silver 24"" Artificial Holiday Wreath",4,4.0,36.0,2.25,9.00,oz_like_value,was=36lb implies 2.25lb,6314,6332,4.0,32.00
HDC422-WHS,HDC422-WHS,Winter White & Silver Artificial Holiday Teardrop,3,3.0,24.0,1.50,8.00,oz_like_value,was=24lb implies 1.50lb,6302,6318,3.0,21.00
HDC520-CHG,HDC520-CHG,"Champagne Elegance 24"" Artificial Holiday Wreath",4,4.0,36.0,2.25,9.00,oz_like_value,was=36lb implies 2.25lb,6563,6810,4.0,32.00
WRA375-CRF,WRA375-CRF,Faux Dogwood & Berry Wreath,4,4.0,36.0,2.25,9.00,oz_like_value,was=36lb implies 2.25lb,6634,6907,4.0,32.00
WRA376-MS,WRA376-MS,Silk Cabbage Rose & Blossoms Wreath,4,4.0,36.0,2.25,9.00,oz_like_value,was=36lb implies 2.25lb,6635,6908,4.0,32.00
ACM104-00,ACM104-00,Silk Flower & Plant Cleaner - 14.8 Fluid Ounces,3,3.0,0.0,,,zero_weight,sheet expects 3lb,6134,5896,3.0,-3.00
FLA188-CR,FLA188-CR,Magnolia Silk Flower Arrangement,2,2.0,0.0,,,zero_weight,sheet expects 2lb,5229,5107,2.0,-2.00
FLA216,FLA216,Gerbera Daisy Silk Flower Arrangement,2,2.0,0.0,,,zero_weight,sheet expects 2lb,5230,,,
FLA216,FLA216-FS,Gerbera Daisy Silk Flower Arrangement,2,2.0,0.0,,,zero_weight,sheet expects 2lb,5230,5812,2.0,-2.00
FLA216,FLA216-OR,Gerbera Daisy Silk Flower Arrangement,2,2.0,0.0,,,zero_weight,sheet expects 2lb,5230,5813,2.0,-2.00
FLA216,FLA216-RD,Gerbera Daisy Silk Flower Arrangement,2,2.0,0.0,,,zero_weight,sheet expects 2lb,5230,5814,2.0,-2.00
FLA216,FLA216-WH,Gerbera Daisy Silk Flower Arrangement,2,2.0,0.0,,,zero_weight,sheet expects 2lb,5230,5815,2.0,-2.00
FLA216,FLA216-YL,Gerbera Daisy Silk Flower Arrangement,2,2.0,0.0,,,zero_weight,sheet expects 2lb,5230,5816,2.0,-2.00
FLA397-CR,FLA397-CR,Southern Charm Silk Flower Arrangement,3,3.0,0.0,,,zero_weight,sheet expects 3lb,5232,5114,3.0,-3.00
FLA597,FLA597,Silk Vanda Orchid Plant,4,4.0,0.0,,,zero_weight,sheet expects 4lb,5237,,,
FLA597,FLA597-RD,Silk Vanda Orchid Plant,4,4.0,0.0,,,zero_weight,sheet expects 4lb,5237,5117,4.0,-4.00
FLA597,FLA597-WH,Silk Vanda Orchid Plant,4,4.0,0.0,,,zero_weight,sheet expects 4lb,5237,5118,4.0,-4.00
FLA615,FLA615,Rose Nosegay Silk Flower Arrangement,3,3.0,0.0,,,zero_weight,sheet expects 3lb,5241,,,
FLA615,FLA615-CO,Rose Nosegay Silk Flower Arrangement,3,3.0,0.0,,,zero_weight,sheet expects 3lb,5241,5120,3.0,-3.00
FLA615,FLA615-CO-1,Test Product -,3,3.0,0.0,,,zero_weight,sheet expects 3lb,6086,5832,3.0,-3.00
FLA615,FLA615-MVL,Rose Nosegay Silk Flower Arrangement,3,3.0,0.0,,,zero_weight,sheet expects 3lb,5241,5121,3.0,-3.00
FLA615,FLA615-MVL-1,Test Product -,3,3.0,0.0,,,zero_weight,sheet expects 3lb,6086,5833,3.0,-3.00
FLA615,FLA615-PK,Rose Nosegay Silk Flower Arrangement,3,3.0,0.0,,,zero_weight,sheet expects 3lb,5241,5122,3.0,-3.00
FLA615,FLA615-PK-1,Test Product -,3,3.0,0.0,,,zero_weight,sheet expects 3lb,6086,5834,3.0,-3.00
FLA615,FLA615-RD,Rose Nosegay Silk Flower Arrangement,3,3.0,0.0,,,zero_weight,sheet expects 3lb,5241,5124,3.0,-3.00
FLA615,FLA615-RD-1,Test Product -,3,3.0,0.0,,,zero_weight,sheet expects 3lb,6086,5836,3.0,-3.00
FLA615,FLA615-TP,Rose Nosegay Silk Flower Arrangement,3,3.0,0.0,,,zero_weight,sheet expects 3lb,5241,5125,3.0,-3.00
FLA615,FLA615-TP-1,Test Product -,3,3.0,0.0,,,zero_weight,sheet expects 3lb,6086,5837,3.0,-3.00
FLA615,FLA615-WH,Rose Nosegay Silk Flower Arrangement,3,3.0,0.0,,,zero_weight,sheet expects 3lb,5241,5123,3.0,-3.00
FLA615,FLA615-WH-1,Test Product -,3,3.0,0.0,,,zero_weight,sheet expects 3lb,6086,5835,3.0,-3.00
FLA615,FLA615-YE,Rose Nosegay Silk Flower Arrangement,3,3.0,0.0,,,zero_weight,sheet expects 3lb,5241,5126,3.0,-3.00
FLA615,FLA615-YE-1,Test Product -,3,3.0,0.0,,,zero_weight,sheet expects 3lb,6086,5838,3.0,-3.00
FLA615,FLA615-x,Test Product -,3,3.0,0.0,,,zero_weight,sheet expects 3lb,6086,,,
FLA671-MP,FLA671-MP,"Rose, Hydrangea & Sunflower Silk Flower Accent",2,2.0,0.0,,,zero_weight,sheet expects 2lb,5250,5127,2.0,-2.00
FLA696,FLA696,Open Rose & Bud Silk Flower Accent,1,1.0,0.0,,,zero_weight,sheet expects 1lb,5254,,,
FLA696,FLA696-CO,Open Rose & Bud Silk Flower Accent,1,1.0,0.0,,,zero_weight,sheet expects 1lb,5254,5132,1.0,-1.00
FLA696,FLA696-MVL,Open Rose & Bud Silk Flower Accent,1,1.0,0.0,,,zero_weight,sheet expects 1lb,5254,5133,1.0,-1.00
FLA696,FLA696-PK,Open Rose & Bud Silk Flower Accent,1,1.0,0.0,,,zero_weight,sheet expects 1lb,5254,5134,1.0,-1.00
FLA696,FLA696-RD,Open Rose & Bud Silk Flower Accent,1,1.0,0.0,,,zero_weight,sheet expects 1lb,5254,5135,1.0,-1.00
FLA696,FLA696-TP,Open Rose & Bud Silk Flower Accent,1,1.0,0.0,,,zero_weight,sheet expects 1lb,5254,5129,1.0,-1.00
FLA696,FLA696-WH,Open Rose & Bud Silk Flower Accent,1,1.0,0.0,,,zero_weight,sheet expects 1lb,5254,5130,1.0,-1.00
FLA696,FLA696-YE,Open Rose & Bud Silk Flower Accent,1,1.0,0.0,,,zero_weight,sheet expects 1lb,5254,5131,1.0,-1.00
FLA705-MS,FLA705-MS,Lotus Blossom & Lily Pad Silk Flower Arrangement,4,4.0,0.0,,,zero_weight,sheet expects 4lb,5262,5136,4.0,-4.00
FLA709-MS,FLA709-MS,Peaches & Cream Silk Flower Arrangement,2,2.0,0.0,,,zero_weight,sheet expects 2lb,5266,5137,2.0,-2.00
FLA710-MS,FLA710-MS,"Gerbera, Rose & Cornflower Silk Flower Arrangement",2,2.0,0.0,,,zero_weight,sheet expects 2lb,5269,5138,2.0,-2.00
FLA787-MP,FLA787-MP,Protea & Torch Ginger Accent Artificial Flower Arrangement,4,4.0,0.0,,,zero_weight,sheet expects 4lb,5280,5145,4.0,-4.00
FLA799-MP,FLA799-MP,Faux Orchids & Heliconia Tropical Flower Arrangement,4,4.0,0.0,,,zero_weight,sheet expects 4lb,5282,5146,4.0,-4.00
FLA803,FLA803,Faux Phalaenopsis Orchid Accent,3,3.0,0.0,,,zero_weight,sheet expects 3lb,5286,,,
FLA803,FLA803-FU,Faux Phalaenopsis Orchid Accent,3,3.0,0.0,,,zero_weight,sheet expects 3lb,5286,5148,3.0,-3.00
FLA803,FLA803-TTP,Faux Phalaenopsis Orchid Accent,3,3.0,0.0,,,zero_weight,sheet expects 3lb,5286,5149,3.0,-3.00
FLA803,FLA803-WH,Faux Phalaenopsis Orchid Accent,3,3.0,0.0,,,zero_weight,sheet expects 3lb,5286,5150,3.0,-3.00
FLA848,FLA848,Mixed Wildflowers Silk Flower Arrangement,2,2.0,0.0,,,zero_weight,sheet expects 2lb,5296,,,
FLA848,FLA848-MP,Mixed Wildflowers Silk Flower Arrangement,2,2.0,0.0,,,zero_weight,sheet expects 2lb,5296,5154,2.0,-2.00
FLA848,FLA848-NA,Mixed Wildflowers Silk Flower Arrangement,2,2.0,0.0,,,zero_weight,sheet expects 2lb,5296,5153,2.0,-2.00
FLA849,FLA849,Farmhouse Daisies Silk Flower Arrangement,2,2.0,0.0,,,zero_weight,sheet expects 2lb,5303,,,
FLA849,FLA849-WH,Farmhouse Daisies Silk Flower Arrangement,2,2.0,0.0,,,zero_weight,sheet expects 2lb,5303,5156,2.0,-2.00
FLA849,FLA849-YEW,Farmhouse Daisies Silk Flower Arrangement,2,2.0,0.0,,,zero_weight,sheet expects 2lb,5303,5158,2.0,-2.00
FLA849,FLA849-YL,Farmhouse Daisies Silk Flower Arrangement,2,2.0,0.0,,,zero_weight,sheet expects 2lb,5303,5157,2.0,-2.00
FLA877,FLA877,California Poppies Silk Flower Arrangement,2,2.0,0.0,,,zero_weight,sheet expects 2lb,5318,,,
FLA877,FLA877-FL,California Poppies Silk Flower Arrangement,2,2.0,0.0,,,zero_weight,sheet expects 2lb,5318,5163,2.0,-2.00
FLA877,FLA877-MP,California Poppies Silk Flower Arrangement,2,2.0,0.0,,,zero_weight,sheet expects 2lb,5318,6360,2.0,-2.00
FLA877,FLA877-OR,California Poppies Silk Flower Arrangement,2,2.0,0.0,,,zero_weight,sheet expects 2lb,5318,5164,2.0,-2.00
FLA877,FLA877-RD,California Poppies Silk Flower Arrangement,2,2.0,0.0,,,zero_weight,sheet expects 2lb,5318,5165,2.0,-2.00
FLA877,FLA877-YE,California Poppies Silk Flower Arrangement,2,2.0,0.0,,,zero_weight,sheet expects 2lb,5318,5166,2.0,-2.00
FLA906,FLA906,Sweetheart Rose Silk Flower Arrangement,2,2.0,0.0,,,zero_weight,sheet expects 2lb,5336,,,
FLA906,FLA906-BYP,Sweetheart Rose Silk Flower Arrangement,2,2.0,0.0,,,zero_weight,sheet expects 2lb,5336,5174,2.0,-2.00
FLA906,FLA906-YEO,Sweetheart Rose Silk Flower Arrangement,2,2.0,0.0,,,zero_weight,sheet expects 2lb,5336,5175,2.0,-2.00
FLA914-MP,FLA914-MP,Sunflower & Zinnia Pint Jar Artificial Autumn Accent,3,3.0,0.0,,,zero_weight,sheet expects 3lb,5339,5176,3.0,-3.00
FLA914-MP,FLA914-MP-x-TEST,Test Notify Me,3,3.0,0.0,,,zero_weight,sheet expects 3lb,6534,6773,3.0,-3.00
FLA918-CRW,FLA918-CRW,Tree Magnolia Faux Flower Accent,3,3.0,0.0,,,zero_weight,sheet expects 3lb,5342,5177,3.0,-3.00
FLA951-WH,FLA951-WH,Lily of the Valley Faux Flower Accent,2,2.0,0.0,,,zero_weight,sheet expects 2lb,5357,5181,2.0,-2.00
FLA954-MP,FLA954-MP,Rambling Roses Faux Flower Accent,2,2.0,0.0,,,zero_weight,sheet expects 2lb,5367,5184,2.0,-2.00
FLA972-MP,FLA972-MP,Pansy Perfect Faux Flower Arrangement,2,2.0,0.0,,,zero_weight,sheet expects 2lb,6128,5890,2.0,-2.00
FLA979-BLW,FLA979-BLW,Cosmos & Hydrangea Silk Flower Arrangement,3,3.0,0.0,,,zero_weight,sheet expects 3lb,6148,5933,3.0,-3.00
FLB108-WG,FLB108-WG,Calla Lily & Foliage Silk Flower Centerpiece,8,8.0,0.0,,,zero_weight,sheet expects 8lb,5390,5196,8.0,-8.00
FLB170-CH,FLB170-CH,Magnolias & Orchids,5,5.0,0.0,,,zero_weight,sheet expects 5lb,5392,5197,5.0,-5.00
FLB247-NA,FLB247-NA,Pumpkins & Berries Autumn Centerpiece,4,4.0,0.0,,,zero_weight,sheet expects 4lb,6094,5846,4.0,-4.00
FLB317-MP,FLB317-MP,"Hydrangea, Zinnia & Daisies Silk Flower Autumn Centerpiece",9,9.0,0.0,,,zero_weight,sheet expects 9lb,6283,6296,9.0,-9.00
FLB327-MP,FLB327-MP,Autumn Garden Silk Flower Centerpiece,5,5.0,0.0,,,zero_weight,sheet expects 5lb,6280,6293,5.0,-5.00
FLB424,FLB424,Silk Hydrangea Centerpiece,3,3.0,0.0,,,zero_weight,sheet expects 3lb,5397,,,
FLB424,FLB424-LVB,Silk Hydrangea Centerpiece,3,3.0,0.0,,,zero_weight,sheet expects 3lb,5397,5199,3.0,-3.00
FLB424,FLB424-WG,Silk Hydrangea Centerpiece,3,3.0,0.0,,,zero_weight,sheet expects 3lb,5397,5200,3.0,-3.00
FLB443-MS,FLB443-MS,Coral & Blue Silk Flower Centerpiece,4,4.0,0.0,,,zero_weight,sheet expects 4lb,5404,5201,4.0,-4.00
FLB445,FLB445,Abundance of Tulips Silk Centerpiece,7,7.0,0.0,,,zero_weight,sheet expects 7lb,5409,,,
FLB445,FLB445-CR,Abundance of Tulips Silk Centerpiece,7,7.0,0.0,,,zero_weight,sheet expects 7lb,5409,5203,7.0,-7.00
FLB445,FLB445-PK,Abundance of Tulips Silk Centerpiece,7,7.0,0.0,,,zero_weight,sheet expects 7lb,5409,5204,7.0,-7.00
FLB445,FLB445-RD,Abundance of Tulips Silk Centerpiece,7,7.0,0.0,,,zero_weight,sheet expects 7lb,5409,5205,7.0,-7.00
FLB445,FLB445-YE,Abundance of Tulips Silk Centerpiece,7,7.0,0.0,,,zero_weight,sheet expects 7lb,5409,5206,7.0,-7.00
FLB463-MP,FLB463-MP,Gerbera Daisy Silk Centerpiece,4,4.0,0.0,,,zero_weight,sheet expects 4lb,5412,5207,4.0,-4.00
FLB475-NA,FLB475-NA,Tuscan Buffet Silk Centerpiece,6,6.0,0.0,,,zero_weight,sheet expects 6lb,5415,5208,6.0,-6.00
FLB476-NA,FLB476-NA,Jr. Tuscan Buffet Silk Centerpiece,4,4.0,0.0,,,zero_weight,sheet expects 4lb,5419,5209,4.0,-4.00
FLB527-NA,FLB527-NA,"Zinnia, Gerbera & Lily Silk Flower Centerpiece",4,4.0,0.0,,,zero_weight,sheet expects 4lb,5422,5210,4.0,-4.00
FLB574-MS,FLB574-MS,"Calla Lily, Tulip & Lily Silk Flower Centerpiece",5,5.0,0.0,,,zero_weight,sheet expects 5lb,5425,5211,5.0,-5.00
FLB602,FLB602,Calla Lily Silk Flower Centerpiece,4,4.0,0.0,,,zero_weight,sheet expects 4lb,5429,,,
FLB602,FLB602-EGP,Calla Lily Silk Flower Centerpiece,4,4.0,0.0,,,zero_weight,sheet expects 4lb,5429,5215,4.0,-4.00
FLB602,FLB602-OR,Calla Lily Silk Flower Centerpiece,4,4.0,0.0,,,zero_weight,sheet expects 4lb,5429,5213,4.0,-4.00
FLB602,FLB602-WH,Calla Lily Silk Flower Centerpiece,4,4.0,0.0,,,zero_weight,sheet expects 4lb,5429,5214,4.0,-4.00
FLB602,FLB602-YL,Calla Lily Silk Flower Centerpiece,4,4.0,0.0,,,zero_weight,sheet expects 4lb,5429,5216,4.0,-4.00
FLB603-NA,FLB603-NA,Orchid & Calla Lily Centerpiece Artificial Flower Arrangement,5,5.0,0.0,,,zero_weight,sheet expects 5lb,5435,5217,5.0,-5.00
FLB608,FLB608,Peony Silk Flower Centerpiece,3,3.0,0.0,,,zero_weight,sheet expects 3lb,5439,,,
FLB608,FLB608-BY,Peony Silk Flower Centerpiece,3,3.0,0.0,,,zero_weight,sheet expects 3lb,5439,5220,3.0,-3.00
FLB608,FLB608-MP,Peony Silk Flower Centerpiece,3,3.0,0.0,,,zero_weight,sheet expects 3lb,5439,5222,3.0,-3.00
FLB608,FLB608-PK,Peony Silk Flower Centerpiece,3,3.0,0.0,,,zero_weight,sheet expects 3lb,5439,5219,3.0,-3.00
FLB608,FLB608-WH,Peony Silk Flower Centerpiece,3,3.0,0.0,,,zero_weight,sheet expects 3lb,5439,5221,3.0,-3.00
FLB639,FLB639,Deluxe Peony Silk Flower Centerpiece,8,8.0,0.0,,,zero_weight,sheet expects 8lb,5447,,,
FLB639,FLB639-BYP,Deluxe Peony Silk Flower Centerpiece,8,8.0,0.0,,,zero_weight,sheet expects 8lb,5447,5224,8.0,-8.00
FLB639,FLB639-MP,Deluxe Peony Silk Flower Centerpiece,8,8.0,0.0,,,zero_weight,sheet expects 8lb,5447,5225,8.0,-8.00
FLB639,FLB639-WH,Deluxe Peony Silk Flower Centerpiece,8,8.0,0.0,,,zero_weight,sheet expects 8lb,5447,5226,8.0,-8.00
FLB640-WH,FLB640-WH,Magnolia Centerpiece Silk Flower Arrangement,10,10.0,0.0,,,zero_weight,sheet expects 10lb,5452,5227,10.0,-10.00
FLB717-MP,FLB717-MP,Mixed Silk Flower Bouquet,6,6.0,0.0,,,zero_weight,sheet expects 6lb,5454,5228,6.0,-6.00
FLB718-YL,FLB718-YL,Sunflower Silk Centerpiece,8,8.0,0.0,,,zero_weight,sheet expects 8lb,5457,5229,8.0,-8.00
FLB737,FLB737,Silk Tulip Nosegay,5,5.0,0.0,,,zero_weight,sheet expects 5lb,5463,,,
FLB737,FLB737-PK,Silk Tulip Nosegay,5,5.0,0.0,,,zero_weight,sheet expects 5lb,5463,5231,5.0,-5.00
FLB737,FLB737-RD,Silk Tulip Nosegay,5,5.0,0.0,,,zero_weight,sheet expects 5lb,5463,5232,5.0,-5.00
FLB737,FLB737-WH,Silk Tulip Nosegay,5,5.0,0.0,,,zero_weight,sheet expects 5lb,5463,5234,5.0,-5.00
FLB737,FLB737-YL,Silk Tulip Nosegay,5,5.0,0.0,,,zero_weight,sheet expects 5lb,5463,5233,5.0,-5.00
FLB741-MP,FLB741-MP,Bird of Paradise & Calla Lily Silk Flower Centerpiece,5,5.0,0.0,,,zero_weight,sheet expects 5lb,5473,5235,5.0,-5.00
FLB766-MP,FLB766-MP,Glorious Garden Silk Flower Centerpiece,9,9.0,0.0,,,zero_weight,sheet expects 9lb,5477,5236,9.0,-9.00
FLB774-MP,FLB774-MP,Autumn Sunrise Silk Flower Centerpiece,4,4.0,0.0,,,zero_weight,sheet expects 4lb,5480,5237,4.0,-4.00
FLB813-MP,FLB813-MP,"Larkspur, Ranunculus & Rose Silk Flower Arrangement",4,4.0,0.0,,,zero_weight,sheet expects 4lb,5487,5240,4.0,-4.00
FLB817,FLB817,"Gerbera, Hydrangea & Rose Silk Flower Arrangement",4,4.0,0.0,,,zero_weight,sheet expects 4lb,5490,,,
FLB817,FLB817-GRP,"Gerbera, Hydrangea & Rose Silk Flower Arrangement",4,4.0,0.0,,,zero_weight,sheet expects 4lb,5490,6748,4.0,-4.00
FLB817,FLB817-MP,"Gerbera, Hydrangea & Rose Silk Flower Arrangement",4,4.0,0.0,,,zero_weight,sheet expects 4lb,5490,6747,4.0,-4.00
FLB839-MP,FLB839-MP,Festive Mood Silk Flower Centerpiece,5,5.0,0.0,,,zero_weight,sheet expects 5lb,5494,5243,5.0,-5.00
FLB852-WH,FLB852-WH,"Lilac, Dogwood & Tulip Silk Flower Centerpiece",5,5.0,0.0,,,zero_weight,sheet expects 5lb,5497,5244,5.0,-5.00
FLB853-MS,FLB853-MS,Rose & Berry Silk Flower Centerpiece,6,6.0,0.0,,,zero_weight,sheet expects 6lb,5500,5245,6.0,-6.00
FLB854-YE,FLB854-YE,Country Sunflowers Silk Flower Arrangement,3,3.0,0.0,,,zero_weight,sheet expects 3lb,5503,5246,3.0,-3.00
FLB865-CRW,FLB865-CRW,Magnolia & Dahlia Silk Flower Centerpiece,5,5.0,0.0,,,zero_weight,sheet expects 5lb,5509,5248,5.0,-5.00
FLB884-MS,FLB884-MS,Lilies & Delphinium Silk Flower Centerpiece,5,5.0,0.0,,,zero_weight,sheet expects 5lb,5512,5249,5.0,-5.00
FLB889-MP,FLB889-MP,Floral Tapestry Silk Flower Centerpiece,5,5.0,0.0,,,zero_weight,sheet expects 5lb,5515,5250,5.0,-5.00
FLB897-NA,FLB897-NA,Spider Mum & Blackberries Silk Flower Centerpiece,4,4.0,0.0,,,zero_weight,sheet expects 4lb,5521,5252,4.0,-4.00
FLB910-MP,FLB910-MP,"Poppy, Rose & Lilac Silk Flower Centerpiece",5,5.0,0.0,,,zero_weight,sheet expects 5lb,5522,5253,5.0,-5.00
FLB917-MP,FLB917-MP,"Alstromeria, Rose & Mum Silk Flower Centerpiece",4,4.0,0.0,,,zero_weight,sheet expects 4lb,5528,5255,4.0,-4.00
FLB927,FLB927,"Dahlia, Hydrangea & Berries Silk Flower Centerpiece",5,5.0,0.0,,,zero_weight,sheet expects 5lb,5530,,,
FLB927,FLB927-MS,"Dahlia, Hydrangea & Berries Silk Flower Centerpiece",5,5.0,0.0,,,zero_weight,sheet expects 5lb,5530,6749,5.0,-5.00
FLB927,FLB927-RDY,"Dahlia, Hydrangea & Berries Silk Flower Centerpiece",5,5.0,0.0,,,zero_weight,sheet expects 5lb,5530,6750,5.0,-5.00
FLB941,FLB941,Garden Tulip Faux Flower Bouquet,2,2.0,0.0,,,zero_weight,sheet expects 2lb,5534,,,
FLB941,FLB941-FU,Garden Tulip Faux Flower Bouquet,2,2.0,0.0,,,zero_weight,sheet expects 2lb,5534,5260,2.0,-2.00
FLB941,FLB941-FU-1,Garden Tulip Content Test,2,2.0,0.0,,,zero_weight,sheet expects 2lb,6645,6938,2.0,-2.00
FLB941,FLB941-MP,Garden Tulip Faux Flower Bouquet,2,2.0,0.0,,,zero_weight,sheet expects 2lb,5534,5261,2.0,-2.00
FLB941,FLB941-MP-1,Garden Tulip Content Test,2,2.0,0.0,,,zero_weight,sheet expects 2lb,6645,6939,2.0,-2.00
FLB941,FLB941-MS,Garden Tulip Faux Flower Bouquet,2,2.0,0.0,,,zero_weight,sheet expects 2lb,5534,5262,2.0,-2.00
FLB941,FLB941-MS-1,Garden Tulip Content Test,2,2.0,0.0,,,zero_weight,sheet expects 2lb,6645,6940,2.0,-2.00
FLB941,FLB941-RD,Garden Tulip Faux Flower Bouquet,2,2.0,0.0,,,zero_weight,sheet expects 2lb,5534,5263,2.0,-2.00
FLB941,FLB941-RD-1,Garden Tulip Content Test,2,2.0,0.0,,,zero_weight,sheet expects 2lb,6645,6941,2.0,-2.00
FLB941,FLB941-TTO,Garden Tulip Faux Flower Bouquet,2,2.0,0.0,,,zero_weight,sheet expects 2lb,5534,5264,2.0,-2.00
FLB941,FLB941-TTO-1,Garden Tulip Content Test,2,2.0,0.0,,,zero_weight,sheet expects 2lb,6645,6942,2.0,-2.00
FLB941,FLB941-TTP,Garden Tulip Faux Flower Bouquet,2,2.0,0.0,,,zero_weight,sheet expects 2lb,5534,5265,2.0,-2.00
FLB941,FLB941-TTP-1,Garden Tulip Content Test,2,2.0,0.0,,,zero_weight,sheet expects 2lb,6645,6943,2.0,-2.00
FLB941,FLB941-WH,Garden Tulip Faux Flower Bouquet,2,2.0,0.0,,,zero_weight,sheet expects 2lb,5534,5259,2.0,-2.00
FLB941,FLB941-WH-1,Garden Tulip Content Test,2,2.0,0.0,,,zero_weight,sheet expects 2lb,6645,6937,2.0,-2.00
FLB941,FLB941-YE,Garden Tulip Faux Flower Bouquet,2,2.0,0.0,,,zero_weight,sheet expects 2lb,5534,5266,2.0,-2.00
FLB941,FLB941-YE-1,Garden Tulip Content Test,2,2.0,0.0,,,zero_weight,sheet expects 2lb,6645,6944,2.0,-2.00
FLB941,FLB941-test,Garden Tulip Content Test,2,2.0,0.0,,,zero_weight,sheet expects 2lb,6645,,,
FLB943-CRW,FLB943-CRW,Simplistic Splendor Faux Flower Centerpiece,8,8.0,0.0,,,zero_weight,sheet expects 8lb,5539,5270,8.0,-8.00
FLB944-MP,FLB944-MP,Garden Celebration Faux Flower Centerpiece,8,8.0,0.0,,,zero_weight,sheet expects 8lb,5542,5271,8.0,-8.00
FLB947-MS,FLB947-MS,English Manor Faux Flower Centerpiece,6,6.0,0.0,,,zero_weight,sheet expects 6lb,5547,5274,6.0,-6.00
FLB956-BLW,FLB956-BLW,Blissful Blue & White Faux Flower Centerpiece,4,4.0,0.0,,,zero_weight,sheet expects 4lb,5552,5277,4.0,-4.00
FLB973-CRW,FLB973-CRW,Glorious Splendor Silk Flower Centerpiece,9,9.0,0.0,,,zero_weight,sheet expects 9lb,6129,5891,9.0,-9.00
FLB977-BLW,FLB977-BLW,Cosmos & Hydrangea Silk Flower Centerpiece,8,8.0,0.0,,,zero_weight,sheet expects 8lb,6150,5935,8.0,-8.00
FLB982-MS,FLB982-MS,Garden Celebration Bouquet,4,4.0,0.0,,,zero_weight,sheet expects 4lb,6330,6351,4.0,-4.00
FLC633-YEO,FLC633-YEO,Calla & Day Lily Silk Flower Accent,5,5.0,0.0,,,zero_weight,sheet expects 5lb,5578,5289,5.0,-5.00
FLC719,FLC719,Painter's Palette Silk Flower Arrangement,5,5.0,0.0,,,zero_weight,sheet expects 5lb,5580,,,
FLC719,FLC719-MS,Painter's Palette Silk Flower Arrangement,5,5.0,0.0,,,zero_weight,sheet expects 5lb,5580,5292,5.0,-5.00
FLC719,FLC719-YO,Painter's Palette Silk Flower Arrangement,5,5.0,0.0,,,zero_weight,sheet expects 5lb,5580,5293,5.0,-5.00
FLC720-MS,FLC720-MS,Calla Lily & Rubrum Lily Silk Flower Arrangement,5,5.0,0.0,,,zero_weight,sheet expects 5lb,5587,5294,5.0,-5.00
FLC773,FLC773,Dancing Orchid & Grass Artificial Flower Arrangement,5,5.0,0.0,,,zero_weight,sheet expects 5lb,5588,,,
FLC773,FLC773-OR,Dancing Orchid & Grass Artificial Flower Arrangement,5,5.0,0.0,,,zero_weight,sheet expects 5lb,5588,5296,5.0,-5.00
FLC773,FLC773-WH,Dancing Orchid & Grass Artificial Flower Arrangement,5,5.0,0.0,,,zero_weight,sheet expects 5lb,5588,5297,5.0,-5.00
FLC791,FLC791,"Cherry Blossom, Dogwood & Tulip Silk Flower Arrangement",4,4.0,0.0,,,zero_weight,sheet expects 4lb,5589,,,
FLC791,FLC791-MS,"Cherry Blossom, Dogwood & Tulip Silk Flower Arrangement",4,4.0,0.0,,,zero_weight,sheet expects 4lb,5589,6754,4.0,-4.00
FLC791,FLC791-YEW,"Cherry Blossom, Dogwood & Tulip Silk Flower Arrangement",4,4.0,0.0,,,zero_weight,sheet expects 4lb,5589,6751,4.0,-4.00
FLC820,FLC820,Grand Phalaenopsis Orchid Artificial Flower Arrangement,7,7.0,0.0,,,zero_weight,sheet expects 7lb,5590,,,
FLC820,FLC820-TTF,Grand Phalaenopsis Orchid Artificial Flower Arrangement,7,7.0,0.0,,,zero_weight,sheet expects 7lb,5590,5300,7.0,-7.00
FLC820,FLC820-WH,Grand Phalaenopsis Orchid Artificial Flower Arrangement,7,7.0,0.0,,,zero_weight,sheet expects 7lb,5590,5301,7.0,-7.00
FLC875,FLC875,Gladiolus Silk Flower Arrangement,9,9.0,0.0,,,zero_weight,sheet expects 9lb,5594,,,
FLC875,FLC875-MP,Gladiolus Silk Flower Arrangement,9,9.0,0.0,,,zero_weight,sheet expects 9lb,5594,5306,9.0,-9.00
FLC875,FLC875-WH,Gladiolus Silk Flower Arrangement,9,9.0,0.0,,,zero_weight,sheet expects 9lb,5594,5307,9.0,-9.00
FLC907,FLC907,Cherry Blossom Silk Flower Arrangement,5,5.0,0.0,,,zero_weight,sheet expects 5lb,5599,,,
FLC907,FLC907-BYP,Cherry Blossom Silk Flower Arrangement,5,5.0,0.0,,,zero_weight,sheet expects 5lb,5599,5313,5.0,-5.00
FLC907,FLC907-PKW,Cherry Blossom Silk Flower Arrangement,5,5.0,0.0,,,zero_weight,sheet expects 5lb,5599,5314,5.0,-5.00
FLC907,FLC907-WH,Cherry Blossom Silk Flower Arrangement,5,5.0,0.0,,,zero_weight,sheet expects 5lb,5599,5315,5.0,-5.00
FLC970-NA,FLC970-NA,Autumn Glory Faux Foliage Design,7,7.0,0.0,,,zero_weight,sheet expects 7lb,6096,5848,7.0,-7.00
FLC976-WG,FLC976-WG,Snowball Hydrangea & Queen Anne's Lace Faux Flower Arrangement,7,7.0,0.0,,,zero_weight,sheet expects 7lb,6152,5937,7.0,-7.00
FLC980-CRW,FLC980-CRW,Pure Elegance,18,18.0,0.0,,,zero_weight,sheet expects 18lb,6324,6345,18.0,-18.00
FLC983,FLC983,Luscious Lilies,6,6.0,0.0,,,zero_weight,sheet expects 6lb,6341,,,
FLC983,FLC983-PYE,Luscious Lilies,6,6.0,0.0,,,zero_weight,sheet expects 6lb,6341,6365,6.0,-6.00
FLC983,FLC983-YEO,Luscious Lilies,6,6.0,0.0,,,zero_weight,sheet expects 6lb,6341,6364,6.0,-6.00
FLC984-MP,FLC984-MP,Perfect Paradise,8,8.0,0.0,,,zero_weight,sheet expects 8lb,6323,6344,8.0,-8.00
HDA246-RDG,HDA246-RDG,Vintage Holiday Silk Flower Centerpiece,6,6.0,0.0,,,zero_weight,sheet expects 6lb,5612,5332,6.0,-6.00
HDA257-RD,HDA257-RD,"Daisy, Tulip & Poinsettia Silk Flower Accent",5,5.0,0.0,,,zero_weight,sheet expects 5lb,5614,5334,5.0,-5.00
HDA287-RDW,HDA287-RDW,Winterberry Frost  Holiday Centerpiece,6,6.0,0.0,,,zero_weight,sheet expects 6lb,6284,6297,6.0,-6.00
HDA381-RDW,HDA381-RDW,Holiday Tradition Silk Christmas Centerpiece,6,6.0,0.0,,,zero_weight,sheet expects 6lb,5631,5351,6.0,-6.00
HDB200,HDB200,Premier Silk Poinsettia - Large,5,5.0,0.0,,,zero_weight,sheet expects 5lb,5633,,,
HDB200,HDB200-RD,Premier Silk Poinsettia - Large,5,5.0,0.0,,,zero_weight,sheet expects 5lb,5633,5354,5.0,-5.00
HDB200,HDB200-WH,Premier Silk Poinsettia - Large,5,5.0,0.0,,,zero_weight,sheet expects 5lb,5633,5355,5.0,-5.00
HDB201,HDB201,Premier Silk Poinsettia - Extra Large,11,11.0,0.0,,,zero_weight,sheet expects 11lb,6067,,,
HDB201,HDB201-RD,Premier Silk Poinsettia - Extra Large,11,11.0,0.0,,,zero_weight,sheet expects 11lb,6067,5878,11.0,-11.00
HDB201,HDB201-WH,Premier Silk Poinsettia - Extra Large,11,11.0,0.0,,,zero_weight,sheet expects 11lb,6067,5879,11.0,-11.00
HDB233,HDB233,Table Top Silk Poinsettia Plant,4,4.0,0.0,,,zero_weight,sheet expects 4lb,5637,,,
HDB233,HDB233-RD,Table Top Silk Poinsettia Plant,4,4.0,0.0,,,zero_weight,sheet expects 4lb,5637,5362,4.0,-4.00
HDB233,HDB233-WH,Table Top Silk Poinsettia Plant,4,4.0,0.0,,,zero_weight,sheet expects 4lb,5637,5363,4.0,-4.00
HDB239-WH,HDB239-WH,Magnolia & Berry Artificial Holiday Floral,2,2.0,0.0,,,zero_weight,sheet expects 2lb,5638,5364,2.0,-2.00
HDB286-RDW,HDB286-RDW,Winterberry Frost Artificial Holiday Accent,3,3.0,0.0,,,zero_weight,sheet expects 3lb,5641,5369,3.0,-3.00
HDB308-RD,HDB308-RD,Poinsettia & Holly Silk Holiday Arrangement,3,3.0,0.0,,,zero_weight,sheet expects 3lb,5642,5370,3.0,-3.00
HDB337-RDW,HDB337-RDW,Winter Woods Artificial Holiday Accent,3,3.0,0.0,,,zero_weight,sheet expects 3lb,5643,5371,3.0,-3.00
HDB370-RD,HDB370-RD,Desktop Silk Poinsettia Plant,3,3.0,0.0,,,zero_weight,sheet expects 3lb,5645,5373,3.0,-3.00
HDB371-RD,HDB371-RD,"Poinsettia, Pine & Berry Silk Christmas Accent",2,2.0,0.0,,,zero_weight,sheet expects 2lb,5646,5374,2.0,-2.00
HDB395,HDB395,Amaryllis Accent Silk Flower Holiday Design,3,3.0,0.0,,,zero_weight,sheet expects 3lb,6101,,,
HDB395,HDB395-RD,Amaryllis Accent Silk Flower Holiday Design,3,3.0,0.0,,,zero_weight,sheet expects 3lb,6101,5870,3.0,-3.00
HDB395,HDB395-WH,Amaryllis Accent Silk Flower Holiday Design,3,3.0,0.0,,,zero_weight,sheet expects 3lb,6101,5871,3.0,-3.00
HDB601,HDB601,Silk Poinsettia Accent,4,4.0,0.0,,,zero_weight,sheet expects 4lb,5648,,,
HDB601,HDB601-RD,Silk Poinsettia Accent,4,4.0,0.0,,,zero_weight,sheet expects 4lb,5648,5377,4.0,-4.00
HDB601,HDB601-WH,Silk Poinsettia Accent,4,4.0,0.0,,,zero_weight,sheet expects 4lb,5648,5378,4.0,-4.00
HDC274-RD,HDC274-RD,Holiday Poinsettia Silk Wreath,4,4.0,0.0,,,zero_weight,sheet expects 4lb,5655,5385,4.0,-4.00
HDC411-GRR,HDC411-GRR,"Mixed Eucalyptus, Pine & Berries Silk Holiday Wreath",4,4.0,0.0,,,zero_weight,sheet expects 4lb,6294,6310,4.0,-4.00
HDC413-GRR,HDC413-GRR,"Mixed Eucalyptus, Pine & Berries Silk Holiday Teardrop",3,3.0,0.0,,,zero_weight,sheet expects 3lb,6295,6311,3.0,-3.00
HDC415-RD,HDC415-RD,"Plush Velvet Poinsettia, Pine & Berries Artificial Christmas Holiday Wreath",4,4.0,0.0,,,zero_weight,sheet expects 4lb,6298,6314,4.0,-4.00
HDC417-RD,HDC417-RD,"Plush Velvet Poinsettia, Pine & Berries Artificial Christmas Holiday Teardrop",3,3.0,0.0,,,zero_weight,sheet expects 3lb,6299,6315,3.0,-3.00
PLA311-GR,PLA311-GR,Silk Ficus Bush Plant,8,8.0,0.0,,,zero_weight,sheet expects 8lb,5688,5418,8.0,-8.00
PLA350-NA,PLA350-NA,Coastal Grass Silk Planter,7,7.0,0.0,,,zero_weight,sheet expects 7lb,5693,5423,7.0,-7.00
PLA495-GR,PLA495-GR,Paradise Palm,8,8.0,0.0,,,zero_weight,sheet expects 8lb,6339,6361,8.0,-8.00
PLB409-GR,PLB409-GR,Hanging Spider Plant Silk Foliage Planter,4,4.0,0.0,,,zero_weight,sheet expects 4lb,5710,5440,4.0,-4.00
PLB410-GR,PLB410-GR,Mixed Hanging Ferns Silk Foliage Planter,4,4.0,0.0,,,zero_weight,sheet expects 4lb,5711,5441,4.0,-4.00
PLD178-LF,PLD178-LF,Silk English Ivy in Oval Planter,3,3.0,0.0,,,zero_weight,sheet expects 3lb,5727,5457,3.0,-3.00
PLD181-LF,PLD181-LF,Silk Pothos in Oval Planter,3,3.0,0.0,,,zero_weight,sheet expects 3lb,5728,5458,3.0,-3.00
PLD205-GR,PLD205-GR,Cascading English Ivy Silk Planter,3,3.0,0.0,,,zero_weight,sheet expects 3lb,5729,5459,3.0,-3.00
PLD210-GC,PLD210-GC,Cascading Pothos Silk Planter,3,3.0,0.0,,,zero_weight,sheet expects 3lb,5730,5460,3.0,-3.00
PLD291-GR,PLD291-GR,Palm & Ivy Armoire Silk Planter,5,5.0,0.0,,,zero_weight,sheet expects 5lb,5732,5462,5.0,-5.00
PLD292-GR,PLD292-GR,Pothos & Fittonia Armoire Silk Planter,5,5.0,0.0,,,zero_weight,sheet expects 5lb,5733,5463,5.0,-5.00
PLD293-GB,PLD293-GB,Silver King & Wandering Jew Silk Foliage Planter,3,3.0,0.0,,,zero_weight,sheet expects 3lb,5734,5464,3.0,-3.00
PLD428-GB,PLD428-GB,String of Pearls & Jade Artificial Succulent Arrangement,3,3.0,0.0,,,zero_weight,sheet expects 3lb,5735,5465,3.0,-3.00
PLD429-GB,PLD429-GB,Succulent Obsession Artificial Foliage Planter,4,4.0,0.0,,,zero_weight,sheet expects 4lb,5736,5466,4.0,-4.00
PLD432-GR,PLD432-GR,Sansevieria Planter Artificial Foliage Arrangement,8,8.0,0.0,,,zero_weight,sheet expects 8lb,5737,5467,8.0,-8.00
PLD437-GB,PLD437-GB,Faux Succulent Planter,4,4.0,0.0,,,zero_weight,sheet expects 4lb,5740,5470,4.0,-4.00
PLD451-GR,PLD451-GR,Maidenhair Fern Silk Foliage Plant,2,2.0,0.0,,,zero_weight,sheet expects 2lb,5743,5473,2.0,-2.00
PLD455-GR,PLD455-GR,Cascading Springerii Artificial Fern Plant,3,3.0,0.0,,,zero_weight,sheet expects 3lb,5744,5474,3.0,-3.00
PLD479-GR,PLD479-GR,Mixed Ferns & Berries Faux Foliage Planter,3,3.0,0.0,,,zero_weight,sheet expects 3lb,5748,5478,3.0,-3.00
PLD481-GR,PLD481-GR,Fern & Berry Fusion Faux Foliage Arrangement,4,4.0,0.0,,,zero_weight,sheet expects 4lb,5750,5480,4.0,-4.00
PLD491-GR,PLD491-GR,Mixed Foliage Masterpiece,15,15.0,0.0,,,zero_weight,sheet expects 15lb,6155,5940,15.0,-15.00
PLD493-NA,PLD493-NA,Nature's  Warmth Faux Foliage Arrangement,15,15.0,0.0,,,zero_weight,sheet expects 15lb,6156,5941,15.0,-15.00
TRA220-05,TRA220-05,5' Greenhouse Silk Ficus Tree,10,10.0,0.0,,,zero_weight,sheet expects 10lb,5762,5492,10.0,-10.00
TRA220-06,TRA220-06,6' Greenhouse Silk Ficus Tree,18,18.0,0.0,,,zero_weight,sheet expects 18lb,5763,5493,18.0,-18.00
TRA220-07,TRA220-07,7' Greenhouse Silk Ficus Tree,20,20.0,0.0,,,zero_weight,sheet expects 20lb,5764,5494,20.0,-20.00
TRA311-05,TRA311-05,5' Ficus Benjamina Silk Tree,8,8.0,0.0,,,zero_weight,sheet expects 8lb,5768,5498,8.0,-8.00
TRA311-06,TRA311-06,6' Ficus Benjamina Silk Tree,20,20.0,0.0,,,zero_weight,sheet expects 20lb,5769,5499,20.0,-20.00
TRA311-07,TRA311-07,7' Ficus Benjamina Silk Tree,18,18.0,0.0,,,zero_weight,sheet expects 18lb,5770,5500,18.0,-18.00
TRC235-06,TRC235-06,6' Reed Palm Silk Tree,20,20.0,0.0,,,zero_weight,sheet expects 20lb,5784,5514,20.0,-20.00
TRC235-07,TRC235-07,7' Reed Palm Silk Tree,22,22.0,0.0,,,zero_weight,sheet expects 22lb,5785,5515,22.0,-22.00
TRC307-05,TRC307-05,5' Silk Areca Palm Tree,14,14.0,0.0,,,zero_weight,sheet expects 14lb,5793,5523,14.0,-14.00
TRC307-65,TRC307-65,6.5' Silk Areca Palm Tree,17,17.0,0.0,,,zero_weight,sheet expects 17lb,5794,5524,17.0,-17.00
TRF295-06,TRF295-06,6' Fiddle Leaf Fig Silk Tree,16,16.0,0.0,,,zero_weight,sheet expects 16lb,5798,5528,16.0,-16.00
TRF295-07,TRF295-07,7' Fiddle Leaf Fig Silk Tree,17,17.0,0.0,,,zero_weight,sheet expects 17lb,5799,5529,17.0,-17.00
TRF313-05,TRF313-05,5' Single Trunk Fiddle Leaf Fig Silk Tree,8,8.0,0.0,,,zero_weight,sheet expects 8lb,5800,5530,8.0,-8.00
TRF313-06,TRF313-06,6' Single Trunk Fiddle Leaf Fig Silk Tree,10,10.0,0.0,,,zero_weight,sheet expects 10lb,5801,5531,10.0,-10.00
TRF313-07,TRF313-07,7' Single Trunk Fiddle Leaf Fig Silk Tree,17,17.0,0.0,,,zero_weight,sheet expects 17lb,5802,5532,17.0,-17.00
TRM312-05,TRM312-05,5' Japanese Maple Silk Tree,11,11.0,0.0,,,zero_weight,sheet expects 11lb,5823,5553,11.0,-11.00
TRM312-06,TRM312-06,6 ' Japanese Maple Silk Tree,21,21.0,0.0,,,zero_weight,sheet expects 21lb,6084,5829,21.0,-21.00
TRM312-07,TRM312-07,7 ' Japanese Maple Silk Tree,18,18.0,0.0,,,zero_weight,sheet expects 18lb,6085,5830,18.0,-18.00
TTB120-GR,TTB120-GR,Cypress Bonsai Artificial Tree,5,5.0,0.0,,,zero_weight,sheet expects 5lb,5828,5558,5.0,-5.00
WRA165-NA,WRA165-NA,Autumn Maple Silk Wreath,4,4.0,0.0,,,zero_weight,sheet expects 4lb,5830,5560,4.0,-4.00
WRA180-MP,WRA180-MP,Zinnia & Daisy Silk Flower Wreath,4,4.0,0.0,,,zero_weight,sheet expects 4lb,5831,5561,4.0,-4.00
WRA230-LV,WRA230-LV,"Mixed Lavender 24"" Faux Flower & Foliage Wreath",4,4.0,0.0,,,zero_weight,sheet expects 4lb,5842,5572,4.0,-4.00
WRA231-LV,WRA231-LV,Mixed Lavender Faux Flower & Foliage Teardrop,3,3.0,0.0,,,zero_weight,sheet expects 3lb,5843,5573,3.0,-3.00
WRA242-NA,WRA242-NA,Golden Maple Faux Foliage Wreath,4,4.0,0.0,,,zero_weight,sheet expects 4lb,6115,5867,4.0,-4.00
WRA243-NA,WRA243-NA,Pumpkins & Berries Autumn Wreath,4,4.0,0.0,,,zero_weight,sheet expects 4lb,6116,5868,4.0,-4.00
WRA244-NA,WRA244-NA,Pumpkins & Berries Autumn Teardrop,3,3.0,0.0,,,zero_weight,sheet expects 3lb,6117,5869,3.0,-3.00
WRA256-MP,WRA256-MP,Pansy & Daisy Wreath,3,3.0,0.0,,,zero_weight,sheet expects 3lb,6327,6348,3.0,-3.00
WRA258-MP,WRA258-MP,Poppy & Lilac Wreath,3,3.0,0.0,,,zero_weight,sheet expects 3lb,6328,6349,3.0,-3.00
WRA259-MP,WRA259-MP,Poppy & Lilac Teardrop,3,3.0,0.0,,,zero_weight,sheet expects 3lb,6329,6350,3.0,-3.00
WRA262-MS,WRA262-MS,Garden Celebration Teardrop,3,3.0,0.0,,,zero_weight,sheet expects 3lb,6332,6353,3.0,-3.00
WRA264-MS,WRA264-MS,"Daisy, Hydrangea & Lavender Teardrop",3,3.0,0.0,,,zero_weight,sheet expects 3lb,6334,6355,3.0,-3.00
WRA277-YE,WRA277-YE,Sunflower Daydream Wreath,4,4.0,0.0,,,zero_weight,sheet expects 4lb,6337,6358,4.0,-4.00
WRA278-YE,WRA278-YE,Sunflower Daydream Teardrop,3,3.0,0.0,,,zero_weight,sheet expects 3lb,6338,6359,3.0,-3.00
